"10000","http://dbpedia.org/ontology/ComicsCharacter"
"10001",""
"10002",""
"10003",""
"10004",""
"10005",""
"10006",""
"10007","http://dbpedia.org/ontology/TelevisionShow"
"10008",""
"10009",""
"10010","http://dbpedia.org/ontology/MilitaryConflict"
"10011",""
"10012",""
"10013",""
"10014",""
"10015",""
"10016",""
"10017","http://dbpedia.org/ontology/Convention"
"10018","http://dbpedia.org/ontology/Book"
"10019",""
"10020",""
"10021",""
"10022","http://dbpedia.org/ontology/TelevisionShow"
"10023",""
"10024",""
"10025",""
"10026",""
"10027",""
"10028","http://dbpedia.org/ontology/Song"
"10029",""
"10030",""
"10031",""
"10032",""
"10033","http://dbpedia.org/ontology/University"
"10034",""
"10035",""
"10036",""
"10037",""
"10038",""
"10039",""
"10040","http://dbpedia.org/ontology/TelevisionShow"
"10041",""
"10042","http://dbpedia.org/ontology/Politician"
"10043",""
"10044",""
"10045",""
"10046","http://dbpedia.org/ontology/Country"
"10047","http://dbpedia.org/ontology/MilitaryConflict"
"10048",""
"10049",""
"10050","http://dbpedia.org/ontology/OfficeHolder"
"10051",""
"10052","http://dbpedia.org/ontology/Politician"
"10053",""
"10054",""
"10055",""
"10056",""
"10057","http://dbpedia.org/ontology/Mammal"
"10058",""
"10059",""
"10060",""
"10061","http://dbpedia.org/ontology/Automobile"
"10062",""
"10063",""
"10064","http://dbpedia.org/ontology/River"
"10065",""
"10066",""
"10067",""
"10068","http://dbpedia.org/ontology/Country"
"10069",""
"10070",""
"10071",""
"10072",""
"10073","http://dbpedia.org/ontology/EducationalInstitution"
"10074",""
"10075","http://dbpedia.org/ontology/SpeedwayLeague"
"10076","http://dbpedia.org/ontology/VideoGame"
"10077",""
"10078",""
"10079",""
"10080","http://dbpedia.org/ontology/River"
"10081","http://dbpedia.org/ontology/MilitaryUnit"
"10082","http://dbpedia.org/ontology/InformationAppliance"
"10083","http://dbpedia.org/ontology/Person"
"10084",""
"10085",""
"10086","http://dbpedia.org/ontology/Country"
"10087","http://dbpedia.org/ontology/MusicalArtist"
"10088",""
"10089","http://dbpedia.org/ontology/Person"
"10090","http://dbpedia.org/ontology/MilitaryConflict"
"10091",""
"10092",""
"10093",""
"10094","http://dbpedia.org/ontology/Scientist"
"10095",""
"10096",""
"10097",""
"10098",""
"10099","http://dbpedia.org/ontology/River"
"10100",""
"10101","http://dbpedia.org/ontology/Country"
"10102",""
"10103",""
"10104",""
"10105",""
"10106",""
"10107",""
"10108",""
"10109",""
"10110",""
"10111",""
"10112","http://dbpedia.org/ontology/River"
"10113","http://dbpedia.org/ontology/Station"
"10114","http://dbpedia.org/ontology/Settlement"
"10115",""
"10116",""
"10117",""
"10118",""
"10119",""
"10120",""
"10121","http://dbpedia.org/ontology/Film"
"10122","http://dbpedia.org/ontology/MilitaryConflict"
"10123","http://dbpedia.org/ontology/Politician"
"10124",""
"10125","http://dbpedia.org/ontology/Company"
"10126","http://dbpedia.org/ontology/Royalty"
"10127",""
"10128",""
"10129",""
"10130",""
"10131","http://dbpedia.org/ontology/Award"
"10132","http://dbpedia.org/ontology/FashionDesigner"
"10133","http://dbpedia.org/ontology/Film"
"10134",""
"10135","http://dbpedia.org/ontology/TelevisionShow"
"10136",""
"10137",""
"10138","http://dbpedia.org/ontology/Person"
"10139",""
"10140",""
"10141",""
"10142",""
"10143","http://dbpedia.org/ontology/Currency"
"10144",""
"10145","http://dbpedia.org/ontology/OfficeHolder"
"10146","http://dbpedia.org/ontology/Writer"
"10147",""
"10148",""
"10149",""
"10150",""
"10151",""
"10152",""
"10153",""
"10154",""
"10155",""
"10156",""
"10157",""
"10158",""
"10159","http://dbpedia.org/ontology/Magazine"
"10160","http://dbpedia.org/ontology/TelevisionShow"
"10161","http://dbpedia.org/ontology/EthnicGroup"
"10162","http://dbpedia.org/ontology/Magazine"
"10163","http://dbpedia.org/ontology/River"
"10164",""
"10165","http://dbpedia.org/ontology/Award"
"10166",""
"10167",""
"10168",""
"10169",""
"10170","http://dbpedia.org/ontology/Sport"
"10171",""
"10172",""
"10173","http://dbpedia.org/ontology/River"
"10174",""
"10175","http://dbpedia.org/ontology/Automobile"
"10176","http://dbpedia.org/ontology/Company"
"10177","http://dbpedia.org/ontology/EthnicGroup"
"10178",""
"10179","http://dbpedia.org/ontology/Book"
"10180",""
"10181","http://dbpedia.org/ontology/TelevisionShow"
"10182",""
"10183",""
"10184","http://dbpedia.org/ontology/MilitaryUnit"
"10185","http://dbpedia.org/ontology/Non-ProfitOrganisation"
"10186","http://dbpedia.org/ontology/Organisation"
"10187",""
"10188","http://dbpedia.org/ontology/Book"
"10189","http://dbpedia.org/ontology/GolfPlayer"
"10190",""
"10191",""
"10192","http://dbpedia.org/ontology/PrimeMinister"
"10193",""
"10194",""
"10195",""
"10196",""
"10197",""
"10198","http://dbpedia.org/ontology/Newspaper"
"10199","http://dbpedia.org/ontology/Film"
"10200","http://dbpedia.org/ontology/Person"
"10201","http://dbpedia.org/ontology/TelevisionShow"
"10202",""
"10203",""
"10204",""
"10205",""
"10206",""
"10207",""
"10208",""
"10209","http://dbpedia.org/ontology/Location"
"10210",""
"10211","http://dbpedia.org/ontology/Company"
"10212","http://dbpedia.org/ontology/Royalty"
"10213","http://dbpedia.org/ontology/Musical"
"10214",""
"10215",""
"10216",""
"10217","http://dbpedia.org/ontology/River"
"10218",""
"10219","http://dbpedia.org/ontology/SportsTeam"
"10220","http://dbpedia.org/ontology/Place"
"10221",""
"10222",""
"10223",""
"10224","http://dbpedia.org/ontology/TelevisionShow"
"10225",""
"10226",""
"10227","http://dbpedia.org/ontology/Place"
"10228",""
"10229","http://dbpedia.org/ontology/Photographer"
"10230",""
"10231",""
"10232",""
"10233",""
"10234","http://dbpedia.org/ontology/Saint"
"10235",""
"10236","http://dbpedia.org/ontology/Mammal"
"10237","http://dbpedia.org/ontology/Person"
"10238",""
"10239",""
"10240","http://dbpedia.org/ontology/EducationalInstitution"
"10241","http://dbpedia.org/ontology/Place"
"10242",""
"10243",""
"10244","http://dbpedia.org/ontology/Person"
"10245",""
"10246",""
"10247",""
"10248","http://dbpedia.org/ontology/Person"
"10249","http://dbpedia.org/ontology/Stadium"
"10250","http://dbpedia.org/ontology/MusicalArtist"
"10251",""
"10252",""
"10253","http://dbpedia.org/ontology/FictionalCharacter"
"10254","http://dbpedia.org/ontology/Mollusca"
"10255",""
"10256","http://dbpedia.org/ontology/TelevisionShow"
"10257","http://dbpedia.org/ontology/Person"
"10258","http://dbpedia.org/ontology/Company"
"10259",""
"10260",""
"10261",""
"10262",""
"10263",""
"10264","http://dbpedia.org/ontology/Album"
"10265",""
"10266",""
"10267",""
"10268",""
"10269",""
"10270","http://dbpedia.org/ontology/TelevisionShow"
"10271",""
"10272","http://dbpedia.org/ontology/TelevisionShow"
"10273","http://dbpedia.org/ontology/Film"
"10274",""
"10275",""
"10276",""
"10277",""
"10278",""
"10279","http://dbpedia.org/ontology/Sea"
"10280","http://dbpedia.org/ontology/Building"
"10281","http://dbpedia.org/ontology/Station"
"10282",""
"10283","http://dbpedia.org/ontology/Band"
"10284",""
"10285","http://dbpedia.org/ontology/SportsTeam"
"10286","http://dbpedia.org/ontology/Person"
"10287",""
"10288","http://dbpedia.org/ontology/Person"
"10289",""
"10290",""
"10291",""
"10292",""
"10293",""
"10294","http://dbpedia.org/ontology/Politician"
"10295",""
"10296","http://dbpedia.org/ontology/ProgrammingLanguage"
"10297",""
"10298",""
"10299",""
"10300",""
"10301",""
"10302",""
"10303",""
"10304",""
"10305",""
"10306",""
"10307",""
"10308","http://dbpedia.org/ontology/MilitaryConflict"
"10309","http://dbpedia.org/ontology/Country"
"10310","http://dbpedia.org/ontology/FigureSkater"
"10311",""
"10312","http://dbpedia.org/ontology/School"
"10313",""
"10314",""
"10315","http://dbpedia.org/ontology/Place"
"10316","http://dbpedia.org/ontology/River"
"10317",""
"10318","http://dbpedia.org/ontology/Country"
"10319","http://dbpedia.org/ontology/Stadium"
"10320",""
"10321",""
"10322",""
"10323",""
"10324",""
"10325",""
"10326",""
"10327",""
"10328",""
"10329",""
"10330",""
"10331",""
"10332",""
"10333",""
"10334","http://dbpedia.org/ontology/VideoGame"
"10335","http://dbpedia.org/ontology/FictionalCharacter"
"10336",""
"10337","http://dbpedia.org/ontology/River"
"10338",""
"10339",""
"10340",""
"10341",""
"10342",""
"10343",""
"10344",""
"10345",""
"10346",""
"10347","http://dbpedia.org/ontology/Grape"
"10348","http://dbpedia.org/ontology/Ship"
"10349","http://dbpedia.org/ontology/InformationAppliance"
"10350",""
"10351","http://dbpedia.org/ontology/Film"
"10352",""
"10353",""
"10354",""
"10355",""
"10356",""
"10357","http://dbpedia.org/ontology/TelevisionShow"
"10358","http://dbpedia.org/ontology/Film"
"10359","http://dbpedia.org/ontology/MilitaryConflict"
"10360",""
"10361","http://dbpedia.org/ontology/Company"
"10362",""
"10363",""
"10364",""
"10365","http://dbpedia.org/ontology/Company"
"10366","http://dbpedia.org/ontology/GovernmentAgency"
"10367","http://dbpedia.org/ontology/Award"
"10368",""
"10369","http://dbpedia.org/ontology/TelevisionShow"
"10370",""
"10371",""
"10372","http://dbpedia.org/ontology/TelevisionShow"
"10373",""
"10374",""
"10375",""
"10376",""
"10377","http://dbpedia.org/ontology/Senator"
"10378",""
"10379","http://dbpedia.org/ontology/President"
"10380",""
"10381",""
"10382",""
"10383",""
"10384","http://dbpedia.org/ontology/Mammal"
"10385","http://dbpedia.org/ontology/School"
"10386",""
"10387","http://dbpedia.org/ontology/TelevisionShow"
"10388",""
"10389",""
"10390","http://dbpedia.org/ontology/Governor"
"10391",""
"10392",""
"10393","http://dbpedia.org/ontology/Film"
"10394","http://dbpedia.org/ontology/Person"
"10395","http://dbpedia.org/ontology/Scientist"
"10396",""
"10397","http://dbpedia.org/ontology/Person"
"10398","http://dbpedia.org/ontology/TelevisionShow"
"10399",""
"10400",""
"10401",""
"10402",""
"10403",""
"10404",""
"10405","http://dbpedia.org/ontology/BaseballTeam"
"10406","http://dbpedia.org/ontology/Island"
"10407",""
"10408",""
"10409",""
"10410",""
"10411","http://dbpedia.org/ontology/SoccerClubSeason"
"10412","http://dbpedia.org/ontology/Person"
"10413","http://dbpedia.org/ontology/RailwayLine"
"10414",""
"10415",""
"10416",""
"10417","http://dbpedia.org/ontology/Country"
"10418",""
"10419",""
"10420",""
"10421",""
"10422",""
"10423",""
"10424",""
"10425",""
"10426",""
"10427",""
"10428",""
"10429",""
"10430",""
"10431",""
"10432",""
"10433",""
"10434","http://dbpedia.org/ontology/Person"
"10435",""
"10436",""
"10437",""
"10438",""
"10439","http://dbpedia.org/ontology/Company"
"10440",""
"10441",""
"10442","http://dbpedia.org/ontology/FictionalCharacter"
"10443","http://dbpedia.org/ontology/TelevisionShow"
"10444",""
"10445",""
"10446",""
"10447",""
"10448",""
"10449",""
"10450","http://dbpedia.org/ontology/FigureSkater"
"10451",""
"10452","http://dbpedia.org/ontology/SoccerPlayer"
"10453","http://dbpedia.org/ontology/Airline"
"10454",""
"10455","http://dbpedia.org/ontology/Person"
"10456",""
"10457","http://dbpedia.org/ontology/InformationAppliance"
"10458",""
"10459",""
"10460",""
"10461",""
"10462",""
"10463",""
"10464",""
"10465",""
"10466",""
"10467",""
"10468",""
"10469",""
"10470",""
"10471",""
"10472",""
"10473",""
"10474",""
"10475",""
"10476",""
"10477","http://dbpedia.org/ontology/Scientist"
"10478",""
"10479",""
"10480",""
"10481","http://dbpedia.org/ontology/Town"
"10482",""
"10483",""
"10484",""
"10485",""
"10486",""
"10487",""
"10488","http://dbpedia.org/ontology/Scientist"
"10489","http://dbpedia.org/ontology/River"
"10490","http://dbpedia.org/ontology/Country"
"10491","http://dbpedia.org/ontology/Person"
"10492","http://dbpedia.org/ontology/Person"
"10493","http://dbpedia.org/ontology/River"
"10494",""
"10495","http://dbpedia.org/ontology/TelevisionShow"
"10496","http://dbpedia.org/ontology/Place"
"10497","http://dbpedia.org/ontology/MilitaryConflict"
"10498",""
"10499",""
"10500",""
"10501","http://dbpedia.org/ontology/MilitaryConflict"
"10502",""
"10503",""
"10504",""
"10505",""
"10506","http://dbpedia.org/ontology/Film"
"10507",""
"10508",""
"10509",""
"10510",""
"10511",""
"10512",""
"10513",""
"10514",""
"10515",""
"10516",""
"10517","http://dbpedia.org/ontology/AmericanFootballPlayer"
"10518",""
"10519",""
"10520",""
"10521","http://dbpedia.org/ontology/TelevisionShow"
"10522","http://dbpedia.org/ontology/Bacteria"
"10523",""
"10524","http://dbpedia.org/ontology/OfficeHolder"
"10525","http://dbpedia.org/ontology/SoccerPlayer"
"10526",""
"10527",""
"10528","http://dbpedia.org/ontology/MilitaryPerson"
"10529","http://dbpedia.org/ontology/MilitaryConflict"
"10530",""
"10531",""
"10532",""
"10533",""
"10534",""
"10535",""
"10536","http://dbpedia.org/ontology/Place"
"10537",""
"10538",""
"10539",""
"10540",""
"10541",""
"10542",""
"10543",""
"10544",""
"10545",""
"10546","http://dbpedia.org/ontology/OfficeHolder"
"10547","http://dbpedia.org/ontology/Film"
"10548",""
"10549",""
"10550",""
"10551","http://dbpedia.org/ontology/Disease"
"10552",""
"10553","http://dbpedia.org/ontology/TelevisionShow"
"10554",""
"10555",""
"10556","http://dbpedia.org/ontology/TelevisionShow"
"10557",""
"10558",""
"10559","http://dbpedia.org/ontology/River"
"10560","http://dbpedia.org/ontology/Film"
"10561",""
"10562",""
"10563",""
"10564",""
"10565",""
"10566",""
"10567",""
"10568",""
"10569","http://dbpedia.org/ontology/SoccerClubSeason"
"10570",""
"10571","http://dbpedia.org/ontology/Software"
"10572",""
"10573",""
"10574",""
"10575",""
"10576",""
"10577",""
"10578",""
"10579","http://dbpedia.org/ontology/River"
"10580",""
"10581","http://dbpedia.org/ontology/BaseballPlayer"
"10582","http://dbpedia.org/ontology/TelevisionShow"
"10583","http://dbpedia.org/ontology/VideoGame"
"10584","http://dbpedia.org/ontology/Bacteria"
"10585",""
"10586","http://dbpedia.org/ontology/Film"
"10587","http://dbpedia.org/ontology/Architect"
"10588",""
"10589",""
"10590",""
"10591","http://dbpedia.org/ontology/TelevisionShow"
"10592",""
"10593",""
"10594",""
"10595",""
"10596",""
"10597","http://dbpedia.org/ontology/Region"
"10598","http://dbpedia.org/ontology/University"
"10599",""
"10600",""
"10601",""
"10602","http://dbpedia.org/ontology/Sport"
"10603","http://dbpedia.org/ontology/Organisation"
"10604",""
"10605","http://dbpedia.org/ontology/Book"
"10606",""
"10607",""
"10608",""
"10609",""
"10610",""
"10611","http://dbpedia.org/ontology/TelevisionShow"
"10612",""
"10613",""
"10614",""
"10615",""
"10616",""
"10617",""
"10618","http://dbpedia.org/ontology/Organisation"
"10619",""
"10620","http://dbpedia.org/ontology/RaceHorse"
"10621",""
"10622","http://dbpedia.org/ontology/School"
"10623",""
"10624",""
"10625",""
"10626","http://dbpedia.org/ontology/Food"
"10627",""
"10628",""
"10629",""
"10630","http://dbpedia.org/ontology/Software"
"10631","http://dbpedia.org/ontology/FootballMatch"
"10632","http://dbpedia.org/ontology/TelevisionShow"
"10633","http://dbpedia.org/ontology/GovernmentAgency"
"10634","http://dbpedia.org/ontology/River"
"10635",""
"10636",""
"10637",""
"10638",""
"10639",""
"10640","http://dbpedia.org/ontology/Writer"
"10641",""
"10642",""
"10643","http://dbpedia.org/ontology/BasketballPlayer"
"10644",""
"10645",""
"10646",""
"10647",""
"10648","http://dbpedia.org/ontology/TelevisionShow"
"10649","http://dbpedia.org/ontology/Engine"
"10650","http://dbpedia.org/ontology/Person"
"10651",""
"10652","http://dbpedia.org/ontology/Building"
"10653",""
"10654",""
"10655",""
"10656",""
"10657",""
"10658",""
"10659","http://dbpedia.org/ontology/MusicalArtist"
"10660",""
"10661",""
"10662",""
"10663",""
"10664","http://dbpedia.org/ontology/FormulaOneRacer"
"10665",""
"10666",""
"10667","http://dbpedia.org/ontology/Company"
"10668","http://dbpedia.org/ontology/Mammal"
"10669","http://dbpedia.org/ontology/AdministrativeRegion"
"10670","http://dbpedia.org/ontology/TelevisionShow"
"10671",""
"10672","http://dbpedia.org/ontology/Artist"
"10673",""
"10674",""
"10675",""
"10676",""
"10677",""
"10678",""
"10679","http://dbpedia.org/ontology/RadioStation"
"10680",""
"10681","http://dbpedia.org/ontology/Horse"
"10682",""
"10683",""
"10684",""
"10685",""
"10686",""
"10687","http://dbpedia.org/ontology/Valley"
"10688","http://dbpedia.org/ontology/TelevisionShow"
"10689","http://dbpedia.org/ontology/University"
"10690",""
"10691",""
"10692",""
"10693",""
"10694",""
"10695",""
"10696","http://dbpedia.org/ontology/BasketballPlayer"
"10697","http://dbpedia.org/ontology/Software"
"10698","http://dbpedia.org/ontology/Film"
"10699",""
"10700",""
"10701",""
"10702",""
"10703",""
"10704",""
"10705","http://dbpedia.org/ontology/Company"
"10706",""
"10707","http://dbpedia.org/ontology/TelevisionShow"
"10708","http://dbpedia.org/ontology/Artist"
"10709","http://dbpedia.org/ontology/Person"
"10710",""
"10711","http://dbpedia.org/ontology/RailwayLine"
"10712","http://dbpedia.org/ontology/IceHockeyPlayer"
"10713",""
"10714",""
"10715",""
"10716",""
"10717","http://dbpedia.org/ontology/Mountain"
"10718",""
"10719",""
"10720","http://dbpedia.org/ontology/Stadium"
"10721",""
"10722",""
"10723",""
"10724","http://dbpedia.org/ontology/Place"
"10725","http://dbpedia.org/ontology/OfficeHolder"
"10726",""
"10727",""
"10728","http://dbpedia.org/ontology/Software"
"10729",""
"10730","http://dbpedia.org/ontology/Scientist"
"10731",""
"10732",""
"10733",""
"10734",""
"10735",""
"10736","http://dbpedia.org/ontology/TelevisionShow"
"10737","http://dbpedia.org/ontology/AmericanFootballPlayer"
"10738","http://dbpedia.org/ontology/AmericanFootballPlayer"
"10739","http://dbpedia.org/ontology/Company"
"10740",""
"10741",""
"10742",""
"10743","http://dbpedia.org/ontology/Location"
"10744",""
"10745",""
"10746","http://dbpedia.org/ontology/Person"
"10747",""
"10748",""
"10749",""
"10750","http://dbpedia.org/ontology/Country"
"10751",""
"10752","http://dbpedia.org/ontology/VideoGame"
"10753","http://dbpedia.org/ontology/TelevisionShow"
"10754",""
"10755",""
"10756","http://dbpedia.org/ontology/Person"
"10757",""
"10758","http://dbpedia.org/ontology/Food"
"10759",""
"10760",""
"10761",""
"10762",""
"10763","http://dbpedia.org/ontology/TelevisionShow"
"10764","http://dbpedia.org/ontology/Person"
"10765","http://dbpedia.org/ontology/Airline"
"10766",""
"10767","http://dbpedia.org/ontology/GolfPlayer"
"10768",""
"10769",""
"10770","http://dbpedia.org/ontology/Band"
"10771","http://dbpedia.org/ontology/Person"
"10772",""
"10773",""
"10774",""
"10775","http://dbpedia.org/ontology/Region"
"10776","http://dbpedia.org/ontology/Film"
"10777",""
"10778","http://dbpedia.org/ontology/TelevisionShow"
"10779",""
"10780",""
"10781","http://dbpedia.org/ontology/MilitaryUnit"
"10782",""
"10783",""
"10784",""
"10785","http://dbpedia.org/ontology/GrandPrix"
"10786",""
"10787",""
"10788",""
"10789",""
"10790",""
"10791",""
"10792",""
"10793",""
"10794","http://dbpedia.org/ontology/PoliticalParty"
"10795",""
"10796","http://dbpedia.org/ontology/Company"
"10797","http://dbpedia.org/ontology/Company"
"10798","http://dbpedia.org/ontology/BaseballTeam"
"10799","http://dbpedia.org/ontology/Company"
"10800",""
"10801",""
"10802",""
"10803",""
"10804","http://dbpedia.org/ontology/Politician"
"10805",""
"10806",""
"10807",""
"10808",""
"10809","http://dbpedia.org/ontology/Building"
"10810",""
"10811","http://dbpedia.org/ontology/BaseballPlayer"
"10812",""
"10813",""
"10814","http://dbpedia.org/ontology/Company"
"10815","http://dbpedia.org/ontology/TelevisionShow"
"10816",""
"10817",""
"10818",""
"10819",""
"10820",""
"10821",""
"10822","http://dbpedia.org/ontology/BasketballPlayer"
"10823","http://dbpedia.org/ontology/MusicalArtist"
"10824",""
"10825",""
"10826","http://dbpedia.org/ontology/Airline"
"10827",""
"10828",""
"10829",""
"10830",""
"10831","http://dbpedia.org/ontology/Pope"
"10832",""
"10833",""
"10834","http://dbpedia.org/ontology/Software"
"10835",""
"10836","http://dbpedia.org/ontology/Scientist"
"10837","http://dbpedia.org/ontology/Person"
"10838","http://dbpedia.org/ontology/Person"
"10839",""
"10840",""
"10841",""
"10842",""
"10843",""
"10844","http://dbpedia.org/ontology/Film"
"10845",""
"10846","http://dbpedia.org/ontology/Sea"
"10847",""
"10848",""
"10849","http://dbpedia.org/ontology/Magazine"
"10850","http://dbpedia.org/ontology/SoccerClub"
"10851","http://dbpedia.org/ontology/River"
"10852",""
"10853",""
"10854",""
"10855",""
"10856",""
"10857","http://dbpedia.org/ontology/GolfPlayer"
"10858","http://dbpedia.org/ontology/Company"
"10859",""
"10860",""
"10861","http://dbpedia.org/ontology/FormulaOneRacer"
"10862","http://dbpedia.org/ontology/TelevisionShow"
"10863",""
"10864","http://dbpedia.org/ontology/Person"
"10865",""
"10866",""
"10867",""
"10868","http://dbpedia.org/ontology/VideoGame"
"10869",""
"10870",""
"10871",""
"10872",""
"10873",""
"10874",""
"10875",""
"10876","http://dbpedia.org/ontology/University"
"10877","http://dbpedia.org/ontology/Software"
"10878",""
"10879",""
"10880",""
"10881","http://dbpedia.org/ontology/Book"
"10882",""
"10883",""
"10884",""
"10885","http://dbpedia.org/ontology/TelevisionShow"
"10886",""
"10887",""
"10888",""
"10889",""
"10890",""
"10891",""
"10892","http://dbpedia.org/ontology/Device"
"10893",""
"10894",""
"10895",""
"10896",""
"10897","http://dbpedia.org/ontology/Place"
"10898","http://dbpedia.org/ontology/Organisation"
"10899","http://dbpedia.org/ontology/AmericanFootballPlayer"
"10900","http://dbpedia.org/ontology/City"
"10901",""
"10902",""
"10903","http://dbpedia.org/ontology/TelevisionShow"
"10904",""
"10905",""
"10906","http://dbpedia.org/ontology/FictionalCharacter"
"10907","http://dbpedia.org/ontology/Film"
"10908",""
"10909",""
"10910",""
"10911",""
"10912",""
"10913","http://dbpedia.org/ontology/River"
"10914",""
"10915",""
"10916",""
"10917",""
"10918",""
"10919","http://dbpedia.org/ontology/University"
"10920",""
"10921","http://dbpedia.org/ontology/Person"
"10922",""
"10923",""
"10924",""
"10925",""
"10926",""
"10927",""
"10928",""
"10929","http://dbpedia.org/ontology/Bird"
"10930",""
"10931",""
"10932","http://dbpedia.org/ontology/Album"
"10933","http://dbpedia.org/ontology/Mountain"
"10934",""
"10935",""
"10936","http://dbpedia.org/ontology/TelevisionShow"
"10937",""
"10938",""
"10939",""
"10940",""
"10941",""
"10942",""
"10943",""
"10944","http://dbpedia.org/ontology/River"
"10945",""
"10946",""
"10947","http://dbpedia.org/ontology/Bridge"
"10948",""
"10949",""
"10950","http://dbpedia.org/ontology/Athlete"
"10951",""
"10952","http://dbpedia.org/ontology/Saint"
"10953","http://dbpedia.org/ontology/Company"
"10954",""
"10955",""
"10956",""
"10957","http://dbpedia.org/ontology/Film"
"10958","http://dbpedia.org/ontology/River"
"10959","http://dbpedia.org/ontology/Band"
"10960",""
"10961",""
"10962","http://dbpedia.org/ontology/Politician"
"10963",""
"10964",""
"10965",""
"10966","http://dbpedia.org/ontology/TelevisionShow"
"10967",""
"10968",""
"10969",""
"10970",""
"10971",""
"10972",""
"10973",""
"10974","http://dbpedia.org/ontology/MilitaryConflict"
"10975",""
"10976","http://dbpedia.org/ontology/Athlete"
"10977","http://dbpedia.org/ontology/Film"
"10978",""
"10979","http://dbpedia.org/ontology/Saint"
"10980","http://dbpedia.org/ontology/MilitaryUnit"
"10981",""
"10982",""
"10983","http://dbpedia.org/ontology/TelevisionShow"
"10984",""
"10985",""
"10986",""
"10987","http://dbpedia.org/ontology/MilitaryConflict"
"10988",""
"10989","http://dbpedia.org/ontology/Automobile"
"10990",""
"10991","http://dbpedia.org/ontology/Person"
"10992",""
"10993","http://dbpedia.org/ontology/University"
"10994",""
"10995",""
"10996",""
"10997",""
"10998",""
"10999",""
"11000",""
"11001","http://dbpedia.org/ontology/Location"
"11002",""
"11003",""
"11004",""
"11005","http://dbpedia.org/ontology/BaseballPlayer"
"11006",""
"11007",""
"11008",""
"11009",""
"11010",""
"11011",""
"11012","http://dbpedia.org/ontology/Stream"
"11013",""
"11014","http://dbpedia.org/ontology/Company"
"11015","http://dbpedia.org/ontology/Artist"
"11016","http://dbpedia.org/ontology/Person"
"11017",""
"11018","http://dbpedia.org/ontology/Film"
"11019",""
"11020",""
"11021","http://dbpedia.org/ontology/TelevisionShow"
"11022",""
"11023",""
"11024","http://dbpedia.org/ontology/Film"
"11025",""
"11026",""
"11027",""
"11028",""
"11029",""
"11030","http://dbpedia.org/ontology/Person"
"11031",""
"11032",""
"11033",""
"11034","http://dbpedia.org/ontology/Person"
"11035","http://dbpedia.org/ontology/TelevisionShow"
"11036",""
"11037","http://dbpedia.org/ontology/Person"
"11038","http://dbpedia.org/ontology/Software"
"11039",""
"11040",""
"11041",""
"11042","http://dbpedia.org/ontology/River"
"11043","http://dbpedia.org/ontology/Book"
"11044",""
"11045",""
"11046",""
"11047",""
"11048",""
"11049","http://dbpedia.org/ontology/TennisPlayer"
"11050",""
"11051",""
"11052","http://dbpedia.org/ontology/Saint"
"11053",""
"11054","http://dbpedia.org/ontology/Bacteria"
"11055",""
"11056",""
"11057","http://dbpedia.org/ontology/Person"
"11058",""
"11059",""
"11060",""
"11061",""
"11062",""
"11063",""
"11064","http://dbpedia.org/ontology/OfficeHolder"
"11065",""
"11066","http://dbpedia.org/ontology/Person"
"11067","http://dbpedia.org/ontology/Beverage"
"11068",""
"11069",""
"11070",""
"11071",""
"11072","http://dbpedia.org/ontology/Country"
"11073",""
"11074",""
"11075","http://dbpedia.org/ontology/Single"
"11076",""
"11077",""
"11078","http://dbpedia.org/ontology/Mammal"
"11079",""
"11080",""
"11081",""
"11082",""
"11083",""
"11084",""
"11085",""
"11086",""
"11087","http://dbpedia.org/ontology/Airline"
"11088","http://dbpedia.org/ontology/Wrestler"
"11089",""
"11090",""
"11091",""
"11092","http://dbpedia.org/ontology/Venue"
"11093",""
"11094","http://dbpedia.org/ontology/Athlete"
"11095",""
"11096",""
"11097",""
"11098",""
"11099",""
"11100","http://dbpedia.org/ontology/Food"
"11101","http://dbpedia.org/ontology/Film"
"11102",""
"11103","http://dbpedia.org/ontology/Country"
"11104",""
"11105",""
"11106","http://dbpedia.org/ontology/OfficeHolder"
"11107",""
"11108",""
"11109",""
"11110","http://dbpedia.org/ontology/TelevisionShow"
"11111","http://dbpedia.org/ontology/Writer"
"11112",""
"11113",""
"11114",""
"11115",""
"11116",""
"11117",""
"11118",""
"11119",""
"11120",""
"11121","http://dbpedia.org/ontology/Software"
"11122",""
"11123",""
"11124","http://dbpedia.org/ontology/Road"
"11125","http://dbpedia.org/ontology/OfficeHolder"
"11126",""
"11127",""
"11128",""
"11129",""
"11130",""
"11131",""
"11132",""
"11133",""
"11134","http://dbpedia.org/ontology/SportsLeague"
"11135","http://dbpedia.org/ontology/MilitaryConflict"
"11136",""
"11137","http://dbpedia.org/ontology/Company"
"11138",""
"11139",""
"11140",""
"11141","http://dbpedia.org/ontology/Rocket"
"11142",""
"11143",""
"11144","http://dbpedia.org/ontology/SoccerManager"
"11145","http://dbpedia.org/ontology/Writer"
"11146","http://dbpedia.org/ontology/School"
"11147","http://dbpedia.org/ontology/RadioStation"
"11148",""
"11149","http://dbpedia.org/ontology/Sport"
"11150","http://dbpedia.org/ontology/Scientist"
"11151",""
"11152","http://dbpedia.org/ontology/TelevisionShow"
"11153",""
"11154",""
"11155","http://dbpedia.org/ontology/TelevisionShow"
"11156",""
"11157",""
"11158","http://dbpedia.org/ontology/ProtectedArea"
"11159",""
"11160","http://dbpedia.org/ontology/University"
"11161",""
"11162","http://dbpedia.org/ontology/Royalty"
"11163","http://dbpedia.org/ontology/Film"
"11164","http://dbpedia.org/ontology/Scientist"
"11165",""
"11166",""
"11167",""
"11168","http://dbpedia.org/ontology/Film"
"11169",""
"11170","http://dbpedia.org/ontology/MilitaryUnit"
"11171",""
"11172",""
"11173","http://dbpedia.org/ontology/River"
"11174",""
"11175",""
"11176","http://dbpedia.org/ontology/SportsTeam"
"11177",""
"11178",""
"11179","http://dbpedia.org/ontology/Company"
"11180",""
"11181",""
"11182",""
"11183","http://dbpedia.org/ontology/Mountain"
"11184",""
"11185",""
"11186",""
"11187",""
"11188","http://dbpedia.org/ontology/Stadium"
"11189",""
"11190",""
"11191","http://dbpedia.org/ontology/Settlement"
"11192","http://dbpedia.org/ontology/Grape"
"11193",""
"11194","http://dbpedia.org/ontology/Organisation"
"11195",""
"11196",""
"11197","http://dbpedia.org/ontology/Person"
"11198",""
"11199",""
"11200",""
"11201",""
"11202",""
"11203",""
"11204",""
"11205",""
"11206",""
"11207","http://dbpedia.org/ontology/Person"
"11208","http://dbpedia.org/ontology/AmericanFootballTeam"
"11209","http://dbpedia.org/ontology/SportsTeam"
"11210",""
"11211",""
"11212",""
"11213",""
"11214",""
"11215",""
"11216","http://dbpedia.org/ontology/TelevisionShow"
"11217",""
"11218",""
"11219","http://dbpedia.org/ontology/Person"
"11220",""
"11221","http://dbpedia.org/ontology/EducationalInstitution"
"11222",""
"11223",""
"11224","http://dbpedia.org/ontology/MilitaryConflict"
"11225",""
"11226","http://dbpedia.org/ontology/Scientist"
"11227","http://dbpedia.org/ontology/MilitaryPerson"
"11228",""
"11229","http://dbpedia.org/ontology/Person"
"11230",""
"11231",""
"11232",""
"11233",""
"11234",""
"11235",""
"11236","http://dbpedia.org/ontology/Automobile"
"11237",""
"11238","http://dbpedia.org/ontology/Person"
"11239",""
"11240","http://dbpedia.org/ontology/Stadium"
"11241",""
"11242",""
"11243",""
"11244","http://dbpedia.org/ontology/AdministrativeRegion"
"11245",""
"11246",""
"11247",""
"11248","http://dbpedia.org/ontology/Person"
"11249","http://dbpedia.org/ontology/MilitaryConflict"
"11250",""
"11251",""
"11252",""
"11253",""
"11254",""
"11255","http://dbpedia.org/ontology/Book"
"11256","http://dbpedia.org/ontology/Bridge"
"11257",""
"11258",""
"11259","http://dbpedia.org/ontology/Company"
"11260",""
"11261","http://dbpedia.org/ontology/TelevisionShow"
"11262",""
"11263",""
"11264","http://dbpedia.org/ontology/TelevisionShow"
"11265","http://dbpedia.org/ontology/Musical"
"11266",""
"11267",""
"11268",""
"11269",""
"11270",""
"11271",""
"11272",""
"11273","http://dbpedia.org/ontology/Award"
"11274","http://dbpedia.org/ontology/Person"
"11275",""
"11276",""
"11277",""
"11278",""
"11279",""
"11280","http://dbpedia.org/ontology/River"
"11281",""
"11282",""
"11283",""
"11284",""
"11285",""
"11286",""
"11287",""
"11288","http://dbpedia.org/ontology/TelevisionShow"
"11289","http://dbpedia.org/ontology/TelevisionShow"
"11290","http://dbpedia.org/ontology/Medician"
"11291","http://dbpedia.org/ontology/Company"
"11292",""
"11293",""
"11294","http://dbpedia.org/ontology/Person"
"11295",""
"11296","http://dbpedia.org/ontology/Country"
"11297","http://dbpedia.org/ontology/GrandPrix"
"11298","http://dbpedia.org/ontology/Award"
"11299",""
"11300",""
"11301","http://dbpedia.org/ontology/VideoGame"
"11302",""
"11303","http://dbpedia.org/ontology/OfficeHolder"
"11304",""
"11305",""
"11306",""
"11307","http://dbpedia.org/ontology/River"
"11308",""
"11309",""
"11310",""
"11311",""
"11312",""
"11313","http://dbpedia.org/ontology/TelevisionShow"
"11314",""
"11315","http://dbpedia.org/ontology/Person"
"11316","http://dbpedia.org/ontology/Horse"
"11317",""
"11318","http://dbpedia.org/ontology/Person"
"11319",""
"11320",""
"11321",""
"11322",""
"11323",""
"11324",""
"11325",""
"11326","http://dbpedia.org/ontology/Sea"
"11327",""
"11328",""
"11329",""
"11330",""
"11331",""
"11332",""
"11333",""
"11334",""
"11335",""
"11336","http://dbpedia.org/ontology/Airline"
"11337","http://dbpedia.org/ontology/Book"
"11338",""
"11339","http://dbpedia.org/ontology/OfficeHolder"
"11340",""
"11341",""
"11342",""
"11343",""
"11344",""
"11345",""
"11346",""
"11347",""
"11348",""
"11349","http://dbpedia.org/ontology/SportsTeam"
"11350",""
"11351","http://dbpedia.org/ontology/Place"
"11352","http://dbpedia.org/ontology/Scientist"
"11353",""
"11354","http://dbpedia.org/ontology/Scientist"
"11355","http://dbpedia.org/ontology/Artist"
"11356",""
"11357",""
"11358",""
"11359",""
"11360","http://dbpedia.org/ontology/Film"
"11361",""
"11362",""
"11363",""
"11364","http://dbpedia.org/ontology/Album"
"11365",""
"11366",""
"11367","http://dbpedia.org/ontology/Book"
"11368",""
"11369",""
"11370",""
"11371",""
"11372",""
"11373","http://dbpedia.org/ontology/Country"
"11374","http://dbpedia.org/ontology/OfficeHolder"
"11375",""
"11376",""
"11377",""
"11378","http://dbpedia.org/ontology/PoliticalParty"
"11379",""
"11380",""
"11381",""
"11382",""
"11383","http://dbpedia.org/ontology/Company"
"11384",""
"11385",""
"11386",""
"11387",""
"11388","http://dbpedia.org/ontology/Person"
"11389",""
"11390",""
"11391","http://dbpedia.org/ontology/River"
"11392","http://dbpedia.org/ontology/VideoGame"
"11393","http://dbpedia.org/ontology/ProtectedArea"
"11394","http://dbpedia.org/ontology/Company"
"11395",""
"11396",""
"11397",""
"11398",""
"11399",""
"11400",""
"11401",""
"11402",""
"11403",""
"11404","http://dbpedia.org/ontology/Mountain"
"11405",""
"11406",""
"11407","http://dbpedia.org/ontology/Film"
"11408",""
"11409",""
"11410",""
"11411","http://dbpedia.org/ontology/Software"
"11412","http://dbpedia.org/ontology/Film"
"11413",""
"11414",""
"11415",""
"11416",""
"11417",""
"11418","http://dbpedia.org/ontology/Senator"
"11419",""
"11420",""
"11421",""
"11422",""
"11423","http://dbpedia.org/ontology/RacingDriver"
"11424",""
"11425",""
"11426","http://dbpedia.org/ontology/Country"
"11427",""
"11428",""
"11429",""
"11430","http://dbpedia.org/ontology/SportsTeam"
"11431",""
"11432",""
"11433",""
"11434",""
"11435",""
"11436",""
"11437",""
"11438","http://dbpedia.org/ontology/Location"
"11439",""
"11440",""
"11441",""
"11442","http://dbpedia.org/ontology/Person"
"11443",""
"11444",""
"11445",""
"11446",""
"11447",""
"11448",""
"11449",""
"11450",""
"11451","http://dbpedia.org/ontology/Musical"
"11452","http://dbpedia.org/ontology/TelevisionShow"
"11453","http://dbpedia.org/ontology/Sea"
"11454","http://dbpedia.org/ontology/River"
"11455",""
"11456","http://dbpedia.org/ontology/School"
"11457",""
"11458",""
"11459",""
"11460","http://dbpedia.org/ontology/PoliticalParty"
"11461","http://dbpedia.org/ontology/Bridge"
"11462",""
"11463",""
"11464",""
"11465",""
"11466","http://dbpedia.org/ontology/Senator"
"11467",""
"11468",""
"11469",""
"11470","http://dbpedia.org/ontology/MemberOfParliament"
"11471",""
"11472",""
"11473",""
"11474",""
"11475",""
"11476",""
"11477",""
"11478",""
"11479","http://dbpedia.org/ontology/AcademicJournal"
"11480",""
"11481",""
"11482",""
"11483","http://dbpedia.org/ontology/FigureSkater"
"11484",""
"11485",""
"11486",""
"11487",""
"11488","http://dbpedia.org/ontology/Airline"
"11489","http://dbpedia.org/ontology/TelevisionShow"
"11490",""
"11491","http://dbpedia.org/ontology/FigureSkater"
"11492",""
"11493",""
"11494",""
"11495",""
"11496",""
"11497",""
"11498","http://dbpedia.org/ontology/MusicalArtist"
"11499",""
"11500","http://dbpedia.org/ontology/Film"
"11501","http://dbpedia.org/ontology/Airline"
"11502",""
"11503","http://dbpedia.org/ontology/River"
"11504",""
"11505","http://dbpedia.org/ontology/Film"
"11506",""
"11507","http://dbpedia.org/ontology/TelevisionShow"
"11508","http://dbpedia.org/ontology/Film"
"11509",""
"11510",""
"11511",""
"11512","http://dbpedia.org/ontology/Work"
"11513",""
"11514",""
"11515",""
"11516",""
"11517",""
"11518",""
"11519",""
"11520","http://dbpedia.org/ontology/River"
"11521","http://dbpedia.org/ontology/Film"
"11522",""
"11523",""
"11524",""
"11525","http://dbpedia.org/ontology/SoccerClubSeason"
"11526",""
"11527",""
"11528",""
"11529","http://dbpedia.org/ontology/Train"
"11530",""
"11531",""
"11532",""
"11533",""
"11534","http://dbpedia.org/ontology/University"
"11535",""
"11536",""
"11537","http://dbpedia.org/ontology/Food"
"11538",""
"11539",""
"11540","http://dbpedia.org/ontology/Company"
"11541","http://dbpedia.org/ontology/Automobile"
"11542",""
"11543",""
"11544",""
"11545",""
"11546",""
"11547","http://dbpedia.org/ontology/University"
"11548",""
"11549","http://dbpedia.org/ontology/Person"
"11550",""
"11551",""
"11552",""
"11553",""
"11554",""
"11555",""
"11556",""
"11557",""
"11558","http://dbpedia.org/ontology/Award"
"11559","http://dbpedia.org/ontology/TelevisionShow"
"11560",""
"11561",""
"11562",""
"11563",""
"11564",""
"11565",""
"11566","http://dbpedia.org/ontology/OfficeHolder"
"11567","http://dbpedia.org/ontology/Road"
"11568",""
"11569",""
"11570",""
"11571",""
"11572","http://dbpedia.org/ontology/University"
"11573",""
"11574",""
"11575",""
"11576",""
"11577","http://dbpedia.org/ontology/Company"
"11578",""
"11579",""
"11580","http://dbpedia.org/ontology/Mountain"
"11581",""
"11582",""
"11583",""
"11584",""
"11585",""
"11586","http://dbpedia.org/ontology/University"
"11587",""
"11588","http://dbpedia.org/ontology/Rocket"
"11589",""
"11590",""
"11591",""
"11592",""
"11593",""
"11594",""
"11595",""
"11596","http://dbpedia.org/ontology/Film"
"11597",""
"11598",""
"11599",""
"11600",""
"11601",""
"11602",""
"11603","http://dbpedia.org/ontology/ComicsCharacter"
"11604",""
"11605",""
"11606",""
"11607",""
"11608",""
"11609",""
"11610","http://dbpedia.org/ontology/MusicGenre"
"11611",""
"11612",""
"11613",""
"11614",""
"11615",""
"11616","http://dbpedia.org/ontology/TelevisionShow"
"11617",""
"11618",""
"11619",""
"11620",""
"11621","http://dbpedia.org/ontology/Single"
"11622",""
"11623",""
"11624","http://dbpedia.org/ontology/Country"
"11625","http://dbpedia.org/ontology/GovernmentAgency"
"11626",""
"11627",""
"11628",""
"11629",""
"11630",""
"11631","http://dbpedia.org/ontology/HorseRace"
"11632","http://dbpedia.org/ontology/Book"
"11633","http://dbpedia.org/ontology/Person"
"11634","http://dbpedia.org/ontology/MilitaryConflict"
"11635",""
"11636",""
"11637",""
"11638",""
"11639",""
"11640","http://dbpedia.org/ontology/TelevisionShow"
"11641","http://dbpedia.org/ontology/Award"
"11642",""
"11643","http://dbpedia.org/ontology/BodyOfWater"
"11644",""
"11645",""
"11646",""
"11647","http://dbpedia.org/ontology/TelevisionShow"
"11648",""
"11649",""
"11650",""
"11651",""
"11652",""
"11653","http://dbpedia.org/ontology/Software"
"11654",""
"11655","http://dbpedia.org/ontology/VideoGame"
"11656",""
"11657","http://dbpedia.org/ontology/Location"
"11658",""
"11659","http://dbpedia.org/ontology/AmericanFootballTeam"
"11660","http://dbpedia.org/ontology/MartialArtist"
"11661",""
"11662",""
"11663","http://dbpedia.org/ontology/Astronaut"
"11664",""
"11665",""
"11666",""
"11667",""
"11668",""
"11669",""
"11670","http://dbpedia.org/ontology/TelevisionShow"
"11671","http://dbpedia.org/ontology/TelevisionShow"
"11672","http://dbpedia.org/ontology/MusicalWork"
"11673",""
"11674",""
"11675",""
"11676",""
"11677",""
"11678",""
"11679",""
"11680",""
"11681",""
"11682","http://dbpedia.org/ontology/Place"
"11683","http://dbpedia.org/ontology/TelevisionShow"
"11684",""
"11685",""
"11686","http://dbpedia.org/ontology/Film"
"11687",""
"11688",""
"11689",""
"11690",""
"11691",""
"11692","http://dbpedia.org/ontology/Settlement"
"11693",""
"11694",""
"11695",""
"11696",""
"11697",""
"11698","http://dbpedia.org/ontology/Single"
"11699",""
"11700",""
"11701","http://dbpedia.org/ontology/AcademicJournal"
"11702","http://dbpedia.org/ontology/Country"
"11703",""
"11704","http://dbpedia.org/ontology/Road"
"11705","http://dbpedia.org/ontology/Film"
"11706","http://dbpedia.org/ontology/Band"
"11707",""
"11708",""
"11709","http://dbpedia.org/ontology/Place"
"11710","http://dbpedia.org/ontology/Film"
"11711",""
"11712","http://dbpedia.org/ontology/MemberOfParliament"
"11713",""
"11714","http://dbpedia.org/ontology/Place"
"11715",""
"11716",""
"11717",""
"11718",""
"11719",""
"11720","http://dbpedia.org/ontology/Person"
"11721",""
"11722",""
"11723",""
"11724",""
"11725",""
"11726",""
"11727",""
"11728",""
"11729","http://dbpedia.org/ontology/Film"
"11730","http://dbpedia.org/ontology/MemberOfParliament"
"11731",""
"11732","http://dbpedia.org/ontology/Place"
"11733","http://dbpedia.org/ontology/River"
"11734","http://dbpedia.org/ontology/OfficeHolder"
"11735","http://dbpedia.org/ontology/TelevisionShow"
"11736",""
"11737","http://dbpedia.org/ontology/Band"
"11738","http://dbpedia.org/ontology/Country"
"11739","http://dbpedia.org/ontology/Software"
"11740",""
"11741","http://dbpedia.org/ontology/VideoGame"
"11742",""
"11743",""
"11744",""
"11745","http://dbpedia.org/ontology/FictionalCharacter"
"11746",""
"11747",""
"11748",""
"11749",""
"11750",""
"11751",""
"11752",""
"11753",""
"11754","http://dbpedia.org/ontology/Place"
"11755","http://dbpedia.org/ontology/TelevisionShow"
"11756",""
"11757",""
"11758","http://dbpedia.org/ontology/Person"
"11759",""
"11760",""
"11761",""
"11762",""
"11763",""
"11764","http://dbpedia.org/ontology/TelevisionShow"
"11765",""
"11766","http://dbpedia.org/ontology/Train"
"11767",""
"11768",""
"11769",""
"11770",""
"11771","http://dbpedia.org/ontology/River"
"11772",""
"11773",""
"11774","http://dbpedia.org/ontology/Country"
"11775",""
"11776",""
"11777","http://dbpedia.org/ontology/MusicalArtist"
"11778",""
"11779",""
"11780",""
"11781",""
"11782",""
"11783",""
"11784",""
"11785",""
"11786",""
"11787",""
"11788",""
"11789","http://dbpedia.org/ontology/University"
"11790","http://dbpedia.org/ontology/SportsTeam"
"11791",""
"11792","http://dbpedia.org/ontology/Person"
"11793",""
"11794","http://dbpedia.org/ontology/AmericanFootballPlayer"
"11795","http://dbpedia.org/ontology/MusicalArtist"
"11796","http://dbpedia.org/ontology/EthnicGroup"
"11797","http://dbpedia.org/ontology/Grape"
"11798","http://dbpedia.org/ontology/TelevisionShow"
"11799",""
"11800",""
"11801",""
"11802",""
"11803",""
"11804",""
"11805","http://dbpedia.org/ontology/GridironFootballPlayer"
"11806","http://dbpedia.org/ontology/Region"
"11807",""
"11808",""
"11809",""
"11810",""
"11811",""
"11812","http://dbpedia.org/ontology/Person"
"11813","http://dbpedia.org/ontology/AdministrativeRegion"
"11814",""
"11815",""
"11816",""
"11817","http://dbpedia.org/ontology/Chancellor"
"11818",""
"11819","http://dbpedia.org/ontology/IceHockeyPlayer"
"11820","http://dbpedia.org/ontology/MusicGenre"
"11821","http://dbpedia.org/ontology/Software"
"11822","http://dbpedia.org/ontology/Writer"
"11823",""
"11824",""
"11825","http://dbpedia.org/ontology/TelevisionShow"
"11826",""
"11827","http://dbpedia.org/ontology/Event"
"11828",""
"11829",""
"11830","http://dbpedia.org/ontology/Film"
"11831",""
"11832",""
"11833","http://dbpedia.org/ontology/AcademicJournal"
"11834","http://dbpedia.org/ontology/OfficeHolder"
"11835",""
"11836","http://dbpedia.org/ontology/Place"
"11837",""
"11838",""
"11839","http://dbpedia.org/ontology/Writer"
"11840",""
"11841",""
"11842",""
"11843","http://dbpedia.org/ontology/University"
"11844",""
"11845",""
"11846",""
"11847",""
"11848",""
"11849",""
"11850",""
"11851","http://dbpedia.org/ontology/Magazine"
"11852",""
"11853","http://dbpedia.org/ontology/InformationAppliance"
"11854",""
"11855",""
"11856","http://dbpedia.org/ontology/Book"
"11857","http://dbpedia.org/ontology/FictionalCharacter"
"11858",""
"11859","http://dbpedia.org/ontology/Place"
"11860",""
"11861",""
"11862",""
"11863","http://dbpedia.org/ontology/Magazine"
"11864",""
"11865",""
"11866","http://dbpedia.org/ontology/Film"
"11867",""
"11868",""
"11869",""
"11870","http://dbpedia.org/ontology/InformationAppliance"
"11871","http://dbpedia.org/ontology/OfficeHolder"
"11872",""
"11873","http://dbpedia.org/ontology/SoccerManager"
"11874","http://dbpedia.org/ontology/TelevisionShow"
"11875",""
"11876",""
"11877",""
"11878",""
"11879",""
"11880",""
"11881",""
"11882","http://dbpedia.org/ontology/Mammal"
"11883",""
"11884",""
"11885","http://dbpedia.org/ontology/Country"
"11886","http://dbpedia.org/ontology/Grape"
"11887","http://dbpedia.org/ontology/SportsTeam"
"11888","http://dbpedia.org/ontology/Bacteria"
"11889",""
"11890",""
"11891","http://dbpedia.org/ontology/Automobile"
"11892",""
"11893","http://dbpedia.org/ontology/MusicalArtist"
"11894","http://dbpedia.org/ontology/Organisation"
"11895",""
"11896","http://dbpedia.org/ontology/TelevisionEpisode"
"11897","http://dbpedia.org/ontology/BaseballTeam"
"11898",""
"11899",""
"11900","http://dbpedia.org/ontology/Person"
"11901",""
"11902",""
"11903",""
"11904",""
"11905",""
"11906","http://dbpedia.org/ontology/MusicGenre"
"11907","http://dbpedia.org/ontology/OfficeHolder"
"11908",""
"11909",""
"11910",""
"11911",""
"11912",""
"11913","http://dbpedia.org/ontology/TelevisionShow"
"11914",""
"11915",""
"11916",""
"11917",""
"11918","http://dbpedia.org/ontology/MusicalArtist"
"11919",""
"11920",""
"11921",""
"11922","http://dbpedia.org/ontology/Film"
"11923",""
"11924",""
"11925",""
"11926",""
"11927",""
"11928","http://dbpedia.org/ontology/EthnicGroup"
"11929",""
"11930",""
"11931",""
"11932",""
"11933","http://dbpedia.org/ontology/Scientist"
"11934",""
"11935",""
"11936","http://dbpedia.org/ontology/Settlement"
"11937","http://dbpedia.org/ontology/Band"
"11938",""
"11939",""
"11940",""
"11941",""
"11942",""
"11943",""
"11944",""
"11945",""
"11946",""
"11947",""
"11948",""
"11949",""
"11950",""
"11951",""
"11952",""
"11953",""
"11954",""
"11955","http://dbpedia.org/ontology/OfficeHolder"
"11956",""
"11957",""
"11958","http://dbpedia.org/ontology/Game"
"11959",""
"11960",""
"11961","http://dbpedia.org/ontology/Region"
"11962","http://dbpedia.org/ontology/Valley"
"11963","http://dbpedia.org/ontology/River"
"11964",""
"11965",""
"11966",""
"11967","http://dbpedia.org/ontology/Person"
"11968",""
"11969",""
"11970",""
"11971",""
"11972","http://dbpedia.org/ontology/Software"
"11973","http://dbpedia.org/ontology/OfficeHolder"
"11974",""
"11975","http://dbpedia.org/ontology/Artist"
"11976",""
"11977","http://dbpedia.org/ontology/Person"
"11978",""
"11979",""
"11980",""
"11981",""
"11982","http://dbpedia.org/ontology/Architect"
"11983",""
"11984","http://dbpedia.org/ontology/Film"
"11985","http://dbpedia.org/ontology/Film"
"11986",""
"11987","http://dbpedia.org/ontology/TelevisionShow"
"11988",""
"11989",""
"11990","http://dbpedia.org/ontology/Band"
"11991","http://dbpedia.org/ontology/Model"
"11992",""
"11993",""
"11994",""
"11995",""
"11996",""
"11997","http://dbpedia.org/ontology/Artist"
"11998",""
"11999",""
"12000",""
"12001","http://dbpedia.org/ontology/SportsTeam"
"12002",""
"12003",""
"12004",""
"12005",""
"12006","http://dbpedia.org/ontology/Person"
"12007",""
"12008",""
"12009",""
"12010","http://dbpedia.org/ontology/VideoGame"
"12011",""
"12012",""
"12013",""
"12014",""
"12015","http://dbpedia.org/ontology/Band"
"12016",""
"12017",""
"12018",""
"12019","http://dbpedia.org/ontology/Scientist"
"12020","http://dbpedia.org/ontology/AdministrativeRegion"
"12021",""
"12022","http://dbpedia.org/ontology/School"
"12023",""
"12024","http://dbpedia.org/ontology/TelevisionShow"
"12025",""
"12026",""
"12027",""
"12028",""
"12029","http://dbpedia.org/ontology/Person"
"12030",""
"12031",""
"12032",""
"12033",""
"12034",""
"12035","http://dbpedia.org/ontology/Athlete"
"12036",""
"12037","http://dbpedia.org/ontology/TelevisionShow"
"12038",""
"12039",""
"12040",""
"12041",""
"12042","http://dbpedia.org/ontology/Award"
"12043","http://dbpedia.org/ontology/Sea"
"12044",""
"12045","http://dbpedia.org/ontology/Place"
"12046",""
"12047","http://dbpedia.org/ontology/TelevisionShow"
"12048",""
"12049",""
"12050",""
"12051",""
"12052",""
"12053","http://dbpedia.org/ontology/City"
"12054",""
"12055",""
"12056",""
"12057","http://dbpedia.org/ontology/Single"
"12058",""
"12059",""
"12060","http://dbpedia.org/ontology/EducationalInstitution"
"12061",""
"12062","http://dbpedia.org/ontology/TelevisionShow"
"12063","http://dbpedia.org/ontology/SportsTeam"
"12064",""
"12065","http://dbpedia.org/ontology/TelevisionShow"
"12066",""
"12067","http://dbpedia.org/ontology/FictionalCharacter"
"12068",""
"12069",""
"12070",""
"12071",""
"12072","http://dbpedia.org/ontology/RadioStation"
"12073","http://dbpedia.org/ontology/Film"
"12074",""
"12075",""
"12076","http://dbpedia.org/ontology/EducationalInstitution"
"12077",""
"12078","http://dbpedia.org/ontology/OfficeHolder"
"12079",""
"12080",""
"12081","http://dbpedia.org/ontology/Magazine"
"12082","http://dbpedia.org/ontology/MusicalArtist"
"12083",""
"12084","http://dbpedia.org/ontology/MusicalArtist"
"12085","http://dbpedia.org/ontology/BasketballPlayer"
"12086",""
"12087","http://dbpedia.org/ontology/FictionalCharacter"
"12088",""
"12089",""
"12090","http://dbpedia.org/ontology/Person"
"12091",""
"12092",""
"12093","http://dbpedia.org/ontology/TelevisionShow"
"12094","http://dbpedia.org/ontology/AmericanFootballPlayer"
"12095",""
"12096",""
"12097","http://dbpedia.org/ontology/Food"
"12098","http://dbpedia.org/ontology/Crustacean"
"12099","http://dbpedia.org/ontology/River"
"12100","http://dbpedia.org/ontology/Company"
"12101",""
"12102",""
"12103",""
"12104","http://dbpedia.org/ontology/Company"
"12105",""
"12106",""
"12107","http://dbpedia.org/ontology/TelevisionShow"
"12108",""
"12109","http://dbpedia.org/ontology/Artist"
"12110","http://dbpedia.org/ontology/MilitaryConflict"
"12111",""
"12112","http://dbpedia.org/ontology/TelevisionShow"
"12113","http://dbpedia.org/ontology/Mountain"
"12114","http://dbpedia.org/ontology/Place"
"12115",""
"12116",""
"12117","http://dbpedia.org/ontology/Book"
"12118",""
"12119",""
"12120",""
"12121",""
"12122",""
"12123",""
"12124",""
"12125","http://dbpedia.org/ontology/SportsTeam"
"12126",""
"12127",""
"12128",""
"12129",""
"12130",""
"12131","http://dbpedia.org/ontology/Location"
"12132","http://dbpedia.org/ontology/Company"
"12133",""
"12134","http://dbpedia.org/ontology/Engineer"
"12135",""
"12136",""
"12137","http://dbpedia.org/ontology/MilitaryUnit"
"12138",""
"12139",""
"12140",""
"12141","http://dbpedia.org/ontology/TelevisionShow"
"12142",""
"12143",""
"12144",""
"12145","http://dbpedia.org/ontology/Mountain"
"12146",""
"12147",""
"12148",""
"12149","http://dbpedia.org/ontology/TelevisionShow"
"12150",""
"12151","http://dbpedia.org/ontology/Rocket"
"12152","http://dbpedia.org/ontology/Country"
"12153","http://dbpedia.org/ontology/Person"
"12154",""
"12155",""
"12156",""
"12157","http://dbpedia.org/ontology/TelevisionShow"
"12158","http://dbpedia.org/ontology/Film"
"12159",""
"12160",""
"12161",""
"12162","http://dbpedia.org/ontology/Automobile"
"12163","http://dbpedia.org/ontology/River"
"12164",""
"12165",""
"12166",""
"12167",""
"12168",""
"12169","http://dbpedia.org/ontology/MusicalWork"
"12170",""
"12171",""
"12172",""
"12173",""
"12174",""
"12175",""
"12176","http://dbpedia.org/ontology/OfficeHolder"
"12177",""
"12178",""
"12179","http://dbpedia.org/ontology/VideoGame"
"12180",""
"12181",""
"12182",""
"12183",""
"12184","http://dbpedia.org/ontology/Road"
"12185","http://dbpedia.org/ontology/Magazine"
"12186",""
"12187","http://dbpedia.org/ontology/University"
"12188",""
"12189","http://dbpedia.org/ontology/Grape"
"12190",""
"12191",""
"12192",""
"12193",""
"12194","http://dbpedia.org/ontology/Company"
"12195",""
"12196","http://dbpedia.org/ontology/Place"
"12197",""
"12198",""
"12199","http://dbpedia.org/ontology/SportsTeam"
"12200","http://dbpedia.org/ontology/Musical"
"12201","http://dbpedia.org/ontology/MilitaryConflict"
"12202","http://dbpedia.org/ontology/Publisher"
"12203",""
"12204",""
"12205","http://dbpedia.org/ontology/Writer"
"12206","http://dbpedia.org/ontology/Person"
"12207","http://dbpedia.org/ontology/TelevisionShow"
"12208","http://dbpedia.org/ontology/TelevisionShow"
"12209",""
"12210",""
"12211",""
"12212",""
"12213",""
"12214",""
"12215",""
"12216",""
"12217",""
"12218",""
"12219",""
"12220","http://dbpedia.org/ontology/Artist"
"12221","http://dbpedia.org/ontology/Scientist"
"12222","http://dbpedia.org/ontology/Mountain"
"12223","http://dbpedia.org/ontology/Species"
"12224",""
"12225",""
"12226","http://dbpedia.org/ontology/Writer"
"12227",""
"12228","http://dbpedia.org/ontology/Film"
"12229","http://dbpedia.org/ontology/Politician"
"12230","http://dbpedia.org/ontology/Person"
"12231",""
"12232",""
"12233",""
"12234",""
"12235",""
"12236","http://dbpedia.org/ontology/AmericanFootballPlayer"
"12237","http://dbpedia.org/ontology/City"
"12238",""
"12239",""
"12240",""
"12241",""
"12242",""
"12243","http://dbpedia.org/ontology/MilitaryConflict"
"12244",""
"12245",""
"12246",""
"12247",""
"12248","http://dbpedia.org/ontology/SportsTeam"
"12249",""
"12250",""
"12251",""
"12252",""
"12253","http://dbpedia.org/ontology/Person"
"12254","http://dbpedia.org/ontology/Film"
"12255",""
"12256",""
"12257",""
"12258","http://dbpedia.org/ontology/ComicsCreator"
"12259",""
"12260","http://dbpedia.org/ontology/Person"
"12261",""
"12262",""
"12263",""
"12264",""
"12265",""
"12266","http://dbpedia.org/ontology/Mammal"
"12267","http://dbpedia.org/ontology/OfficeHolder"
"12268","http://dbpedia.org/ontology/Book"
"12269",""
"12270",""
"12271",""
"12272","http://dbpedia.org/ontology/Scientist"
"12273","http://dbpedia.org/ontology/TelevisionShow"
"12274",""
"12275","http://dbpedia.org/ontology/Bridge"
"12276",""
"12277",""
"12278",""
"12279",""
"12280",""
"12281","http://dbpedia.org/ontology/Scientist"
"12282","http://dbpedia.org/ontology/Band"
"12283",""
"12284",""
"12285",""
"12286",""
"12287",""
"12288",""
"12289","http://dbpedia.org/ontology/TelevisionShow"
"12290",""
"12291","http://dbpedia.org/ontology/Artist"
"12292",""
"12293","http://dbpedia.org/ontology/Mammal"
"12294","http://dbpedia.org/ontology/BasketballPlayer"
"12295","http://dbpedia.org/ontology/Country"
"12296",""
"12297",""
"12298","http://dbpedia.org/ontology/Artist"
"12299",""
"12300",""
"12301","http://dbpedia.org/ontology/School"
"12302",""
"12303",""
"12304",""
"12305",""
"12306",""
"12307",""
"12308",""
"12309",""
"12310",""
"12311","http://dbpedia.org/ontology/Software"
"12312",""
"12313",""
"12314","http://dbpedia.org/ontology/Person"
"12315",""
"12316","http://dbpedia.org/ontology/FictionalCharacter"
"12317",""
"12318",""
"12319",""
"12320",""
"12321",""
"12322",""
"12323",""
"12324",""
"12325","http://dbpedia.org/ontology/InformationAppliance"
"12326","http://dbpedia.org/ontology/Country"
"12327",""
"12328","http://dbpedia.org/ontology/WrittenWork"
"12329","http://dbpedia.org/ontology/Single"
"12330",""
"12331",""
"12332","http://dbpedia.org/ontology/FictionalCharacter"
"12333",""
"12334",""
"12335","http://dbpedia.org/ontology/TelevisionShow"
"12336",""
"12337",""
"12338",""
"12339",""
"12340",""
"12341",""
"12342",""
"12343",""
"12344","http://dbpedia.org/ontology/ComicsCharacter"
"12345",""
"12346",""
"12347",""
"12348","http://dbpedia.org/ontology/BasketballPlayer"
"12349","http://dbpedia.org/ontology/Company"
"12350",""
"12351","http://dbpedia.org/ontology/TelevisionShow"
"12352",""
"12353","http://dbpedia.org/ontology/Automobile"
"12354","http://dbpedia.org/ontology/Book"
"12355",""
"12356","http://dbpedia.org/ontology/Beverage"
"12357",""
"12358",""
"12359",""
"12360",""
"12361",""
"12362",""
"12363",""
"12364","http://dbpedia.org/ontology/Company"
"12365","http://dbpedia.org/ontology/Band"
"12366","http://dbpedia.org/ontology/Country"
"12367",""
"12368","http://dbpedia.org/ontology/Film"
"12369","http://dbpedia.org/ontology/Place"
"12370",""
"12371",""
"12372","http://dbpedia.org/ontology/TelevisionShow"
"12373",""
"12374",""
"12375",""
"12376",""
"12377",""
"12378",""
"12379",""
"12380",""
"12381",""
"12382","http://dbpedia.org/ontology/Mammal"
"12383",""
"12384",""
"12385",""
"12386","http://dbpedia.org/ontology/Organisation"
"12387","http://dbpedia.org/ontology/River"
"12388",""
"12389","http://dbpedia.org/ontology/Person"
"12390",""
"12391",""
"12392",""
"12393",""
"12394","http://dbpedia.org/ontology/City"
"12395","http://dbpedia.org/ontology/Place"
"12396",""
"12397","http://dbpedia.org/ontology/Band"
"12398","http://dbpedia.org/ontology/River"
"12399",""
"12400",""
"12401",""
"12402",""
"12403","http://dbpedia.org/ontology/Person"
"12404","http://dbpedia.org/ontology/Building"
"12405","http://dbpedia.org/ontology/MilitaryConflict"
"12406","http://dbpedia.org/ontology/Company"
"12407",""
"12408",""
"12409",""
"12410","http://dbpedia.org/ontology/VideoGame"
"12411",""
"12412",""
"12413",""
"12414",""
"12415","http://dbpedia.org/ontology/Writer"
"12416","http://dbpedia.org/ontology/Film"
"12417",""
"12418",""
"12419",""
"12420",""
"12421",""
"12422",""
"12423","http://dbpedia.org/ontology/Automobile"
"12424",""
"12425",""
"12426",""
"12427","http://dbpedia.org/ontology/MusicalArtist"
"12428","http://dbpedia.org/ontology/Magazine"
"12429",""
"12430","http://dbpedia.org/ontology/Planet"
"12431","http://dbpedia.org/ontology/OfficeHolder"
"12432","http://dbpedia.org/ontology/Island"
"12433",""
"12434",""
"12435",""
"12436","http://dbpedia.org/ontology/TelevisionShow"
"12437",""
"12438",""
"12439",""
"12440","http://dbpedia.org/ontology/Film"
"12441","http://dbpedia.org/ontology/AdministrativeRegion"
"12442",""
"12443","http://dbpedia.org/ontology/Royalty"
"12444",""
"12445","http://dbpedia.org/ontology/TelevisionShow"
"12446","http://dbpedia.org/ontology/RailwayLine"
"12447",""
"12448","http://dbpedia.org/ontology/TelevisionShow"
"12449",""
"12450",""
"12451",""
"12452","http://dbpedia.org/ontology/OfficeHolder"
"12453",""
"12454",""
"12455","http://dbpedia.org/ontology/Film"
"12456",""
"12457","http://dbpedia.org/ontology/Stadium"
"12458","http://dbpedia.org/ontology/Place"
"12459",""
"12460","http://dbpedia.org/ontology/TelevisionShow"
"12461",""
"12462",""
"12463","http://dbpedia.org/ontology/VideoGame"
"12464",""
"12465",""
"12466",""
"12467",""
"12468",""
"12469",""
"12470","http://dbpedia.org/ontology/Stadium"
"12471",""
"12472",""
"12473","http://dbpedia.org/ontology/TelevisionShow"
"12474",""
"12475","http://dbpedia.org/ontology/Single"
"12476",""
"12477","http://dbpedia.org/ontology/Film"
"12478","http://dbpedia.org/ontology/TelevisionShow"
"12479",""
"12480","http://dbpedia.org/ontology/TelevisionShow"
"12481","http://dbpedia.org/ontology/TelevisionShow"
"12482","http://dbpedia.org/ontology/Person"
"12483","http://dbpedia.org/ontology/Person"
"12484","http://dbpedia.org/ontology/TelevisionShow"
"12485",""
"12486",""
"12487","http://dbpedia.org/ontology/Horse"
"12488","http://dbpedia.org/ontology/VideoGame"
"12489",""
"12490","http://dbpedia.org/ontology/Film"
"12491",""
"12492","http://dbpedia.org/ontology/Dam"
"12493","http://dbpedia.org/ontology/Astronaut"
"12494","http://dbpedia.org/ontology/TelevisionShow"
"12495","http://dbpedia.org/ontology/Bank"
"12496","http://dbpedia.org/ontology/AcademicJournal"
"12497","http://dbpedia.org/ontology/Person"
"12498",""
"12499","http://dbpedia.org/ontology/BaseballPlayer"
"12500",""
"12501",""
"12502",""
"12503",""
"12504","http://dbpedia.org/ontology/Software"
"12505",""
"12506",""
"12507","http://dbpedia.org/ontology/Writer"
"12508",""
"12509","http://dbpedia.org/ontology/Organisation"
"12510",""
"12511",""
"12512",""
"12513","http://dbpedia.org/ontology/PoliticalParty"
"12514",""
"12515","http://dbpedia.org/ontology/President"
"12516","http://dbpedia.org/ontology/AutomobileEngine"
"12517",""
"12518",""
"12519","http://dbpedia.org/ontology/TelevisionShow"
"12520","http://dbpedia.org/ontology/BasketballTeam"
"12521","http://dbpedia.org/ontology/TelevisionShow"
"12522",""
"12523",""
"12524","http://dbpedia.org/ontology/Book"
"12525","http://dbpedia.org/ontology/Senator"
"12526","http://dbpedia.org/ontology/Software"
"12527","http://dbpedia.org/ontology/EthnicGroup"
"12528","http://dbpedia.org/ontology/Person"
"12529",""
"12530","http://dbpedia.org/ontology/Governor"
"12531",""
"12532",""
"12533",""
"12534","http://dbpedia.org/ontology/Model"
"12535",""
"12536","http://dbpedia.org/ontology/HandballTeam"
"12537","http://dbpedia.org/ontology/TelevisionShow"
"12538",""
"12539",""
"12540","http://dbpedia.org/ontology/Engineer"
"12541",""
"12542","http://dbpedia.org/ontology/Company"
"12543",""
"12544",""
"12545",""
"12546",""
"12547","http://dbpedia.org/ontology/University"
"12548",""
"12549","http://dbpedia.org/ontology/Horse"
"12550",""
"12551",""
"12552",""
"12553","http://dbpedia.org/ontology/EducationalInstitution"
"12554",""
"12555",""
"12556",""
"12557","http://dbpedia.org/ontology/Automobile"
"12558","http://dbpedia.org/ontology/Weapon"
"12559",""
"12560",""
"12561","http://dbpedia.org/ontology/Manga"
"12562","http://dbpedia.org/ontology/TelevisionShow"
"12563",""
"12564","http://dbpedia.org/ontology/Horse"
"12565",""
"12566","http://dbpedia.org/ontology/Person"
"12567","http://dbpedia.org/ontology/TelevisionShow"
"12568",""
"12569",""
"12570",""
"12571",""
"12572","http://dbpedia.org/ontology/SportsTeam"
"12573","http://dbpedia.org/ontology/FictionalCharacter"
"12574",""
"12575",""
"12576","http://dbpedia.org/ontology/Film"
"12577",""
"12578",""
"12579","http://dbpedia.org/ontology/HistoricPlace"
"12580",""
"12581",""
"12582",""
"12583",""
"12584","http://dbpedia.org/ontology/Artwork"
"12585","http://dbpedia.org/ontology/President"
"12586",""
"12587","http://dbpedia.org/ontology/TelevisionShow"
"12588","http://dbpedia.org/ontology/TelevisionShow"
"12589",""
"12590","http://dbpedia.org/ontology/Film"
"12591",""
"12592","http://dbpedia.org/ontology/Film"
"12593","http://dbpedia.org/ontology/Person"
"12594",""
"12595","http://dbpedia.org/ontology/BasketballTeam"
"12596","http://dbpedia.org/ontology/Software"
"12597",""
"12598","http://dbpedia.org/ontology/Saint"
"12599",""
"12600","http://dbpedia.org/ontology/OfficeHolder"
"12601",""
"12602",""
"12603",""
"12604",""
"12605",""
"12606","http://dbpedia.org/ontology/FictionalCharacter"
"12607",""
"12608",""
"12609",""
"12610",""
"12611","http://dbpedia.org/ontology/Scientist"
"12612",""
"12613",""
"12614",""
"12615",""
"12616",""
"12617","http://dbpedia.org/ontology/MusicalArtist"
"12618",""
"12619","http://dbpedia.org/ontology/Band"
"12620","http://dbpedia.org/ontology/Building"
"12621",""
"12622",""
"12623",""
"12624",""
"12625",""
"12626","http://dbpedia.org/ontology/Book"
"12627",""
"12628",""
"12629",""
"12630","http://dbpedia.org/ontology/Royalty"
"12631",""
"12632","http://dbpedia.org/ontology/Film"
"12633",""
"12634",""
"12635",""
"12636",""
"12637","http://dbpedia.org/ontology/MilitaryUnit"
"12638",""
"12639",""
"12640",""
"12641",""
"12642",""
"12643",""
"12644","http://dbpedia.org/ontology/Magazine"
"12645",""
"12646","http://dbpedia.org/ontology/Book"
"12647",""
"12648","http://dbpedia.org/ontology/School"
"12649","http://dbpedia.org/ontology/Settlement"
"12650","http://dbpedia.org/ontology/Engineer"
"12651",""
"12652",""
"12653",""
"12654",""
"12655",""
"12656","http://dbpedia.org/ontology/Film"
"12657","http://dbpedia.org/ontology/Bridge"
"12658",""
"12659",""
"12660","http://dbpedia.org/ontology/Valley"
"12661",""
"12662","http://dbpedia.org/ontology/Saint"
"12663",""
"12664",""
"12665","http://dbpedia.org/ontology/TelevisionShow"
"12666","http://dbpedia.org/ontology/TelevisionShow"
"12667",""
"12668","http://dbpedia.org/ontology/Bridge"
"12669",""
"12670","http://dbpedia.org/ontology/VideoGame"
"12671","http://dbpedia.org/ontology/University"
"12672","http://dbpedia.org/ontology/River"
"12673","http://dbpedia.org/ontology/University"
"12674","http://dbpedia.org/ontology/Person"
"12675","http://dbpedia.org/ontology/OfficeHolder"
"12676","http://dbpedia.org/ontology/BaseballTeam"
"12677","http://dbpedia.org/ontology/Philosopher"
"12678",""
"12679","http://dbpedia.org/ontology/Film"
"12680","http://dbpedia.org/ontology/Person"
"12681",""
"12682","http://dbpedia.org/ontology/BroadcastNetwork"
"12683","http://dbpedia.org/ontology/Film"
"12684","http://dbpedia.org/ontology/TelevisionShow"
"12685",""
"12686",""
"12687",""
"12688","http://dbpedia.org/ontology/FashionDesigner"
"12689","http://dbpedia.org/ontology/TelevisionShow"
"12690","http://dbpedia.org/ontology/TelevisionShow"
"12691",""
"12692",""
"12693","http://dbpedia.org/ontology/Company"
"12694",""
"12695",""
"12696",""
"12697",""
"12698",""
"12699",""
"12700","http://dbpedia.org/ontology/Politician"
"12701",""
"12702","http://dbpedia.org/ontology/Island"
"12703",""
"12704","http://dbpedia.org/ontology/OfficeHolder"
"12705","http://dbpedia.org/ontology/TelevisionShow"
"12706",""
"12707",""
"12708","http://dbpedia.org/ontology/Company"
"12709","http://dbpedia.org/ontology/Person"
"12710","http://dbpedia.org/ontology/Stadium"
"12711","http://dbpedia.org/ontology/AcademicJournal"
"12712","http://dbpedia.org/ontology/University"
"12713",""
"12714","http://dbpedia.org/ontology/Jockey"
"12715",""
"12716",""
"12717",""
"12718",""
"12719",""
"12720",""
"12721",""
"12722",""
"12723","http://dbpedia.org/ontology/Architect"
"12724",""
"12725","http://dbpedia.org/ontology/AmericanFootballPlayer"
"12726","http://dbpedia.org/ontology/City"
"12727",""
"12728",""
"12729","http://dbpedia.org/ontology/BaseballPlayer"
"12730",""
"12731","http://dbpedia.org/ontology/Organisation"
"12732","http://dbpedia.org/ontology/Album"
"12733","http://dbpedia.org/ontology/Film"
"12734",""
"12735","http://dbpedia.org/ontology/TelevisionShow"
"12736",""
"12737",""
"12738","http://dbpedia.org/ontology/Saint"
"12739",""
"12740","http://dbpedia.org/ontology/Stadium"
"12741","http://dbpedia.org/ontology/Song"
"12742",""
"12743",""
"12744",""
"12745","http://dbpedia.org/ontology/Film"
"12746",""
"12747",""
"12748","http://dbpedia.org/ontology/TelevisionShow"
"12749","http://dbpedia.org/ontology/Album"
"12750","http://dbpedia.org/ontology/Film"
"12751","http://dbpedia.org/ontology/Band"
"12752",""
"12753","http://dbpedia.org/ontology/Film"
"12754",""
"12755",""
"12756",""
"12757",""
"12758","http://dbpedia.org/ontology/Film,http://dbpedia.org/ontology/Film"
"12759",""
"12760",""
"12761",""
"12762","http://dbpedia.org/ontology/HistoricPlace"
"12763",""
"12764",""
"12765","http://dbpedia.org/ontology/Building"
"12766",""
"12767",""
"12768",""
"12769",""
"12770",""
"12771","http://dbpedia.org/ontology/Comedian"
"12772","http://dbpedia.org/ontology/Athlete"
"12773","http://dbpedia.org/ontology/MilitaryConflict"
"12774",""
"12775","http://dbpedia.org/ontology/Engine"
"12776",""
"12777","http://dbpedia.org/ontology/Person"
"12778","http://dbpedia.org/ontology/Scientist"
"12779",""
"12780",""
"12781","http://dbpedia.org/ontology/MilitaryConflict"
"12782","http://dbpedia.org/ontology/Horse"
"12783","http://dbpedia.org/ontology/Company"
"12784",""
"12785",""
"12786","http://dbpedia.org/ontology/Dam"
"12787",""
"12788",""
"12789","http://dbpedia.org/ontology/FictionalCharacter"
"12790","http://dbpedia.org/ontology/SoccerPlayer"
"12791",""
"12792","http://dbpedia.org/ontology/School"
"12793",""
"12794",""
"12795",""
"12796",""
"12797",""
"12798",""
"12799",""
"12800",""
"12801",""
"12802",""
"12803",""
"12804","http://dbpedia.org/ontology/Film"
"12805","http://dbpedia.org/ontology/Software"
"12806",""
"12807","http://dbpedia.org/ontology/TelevisionStation"
"12808",""
"12809",""
"12810",""
"12811",""
"12812","http://dbpedia.org/ontology/Work"
"12813",""
"12814","http://dbpedia.org/ontology/Politician"
"12815","http://dbpedia.org/ontology/TelevisionShow"
"12816",""
"12817","http://dbpedia.org/ontology/Automobile"
"12818",""
"12819","http://dbpedia.org/ontology/RoadTunnel"
"12820",""
"12821","http://dbpedia.org/ontology/Bacteria"
"12822",""
"12823",""
"12824","http://dbpedia.org/ontology/TelevisionShow"
"12825",""
"12826","http://dbpedia.org/ontology/Bank"
"12827",""
"12828",""
"12829",""
"12830",""
"12831",""
"12832","http://dbpedia.org/ontology/Scientist"
"12833","http://dbpedia.org/ontology/Software"
"12834",""
"12835",""
"12836",""
"12837",""
"12838","http://dbpedia.org/ontology/SportsManager"
"12839","http://dbpedia.org/ontology/AmericanFootballPlayer"
"12840",""
"12841",""
"12842",""
"12843",""
"12844","http://dbpedia.org/ontology/Single"
"12845","http://dbpedia.org/ontology/Person"
"12846",""
"12847",""
"12848",""
"12849",""
"12850","http://dbpedia.org/ontology/Politician"
"12851",""
"12852",""
"12853","http://dbpedia.org/ontology/Book"
"12854",""
"12855","http://dbpedia.org/ontology/Beverage"
"12856",""
"12857","http://dbpedia.org/ontology/TelevisionShow"
"12858",""
"12859",""
"12860","http://dbpedia.org/ontology/Book"
"12861",""
"12862","http://dbpedia.org/ontology/Book"
"12863","http://dbpedia.org/ontology/RaceHorse"
"12864",""
"12865",""
"12866",""
"12867",""
"12868","http://dbpedia.org/ontology/MilitaryConflict"
"12869",""
"12870","http://dbpedia.org/ontology/MilitaryUnit"
"12871",""
"12872","http://dbpedia.org/ontology/Bridge"
"12873","http://dbpedia.org/ontology/Scientist"
"12874","http://dbpedia.org/ontology/Magazine"
"12875","http://dbpedia.org/ontology/TelevisionShow"
"12876","http://dbpedia.org/ontology/MilitaryUnit"
"12877",""
"12878","http://dbpedia.org/ontology/Continent"
"12879",""
"12880",""
"12881",""
"12882",""
"12883","http://dbpedia.org/ontology/Person"
"12884",""
"12885","http://dbpedia.org/ontology/TelevisionShow"
"12886",""
"12887","http://dbpedia.org/ontology/Wrestler"
"12888",""
"12889","http://dbpedia.org/ontology/Building"
"12890",""
"12891",""
"12892",""
"12893",""
"12894",""
"12895",""
"12896","http://dbpedia.org/ontology/Artist"
"12897",""
"12898",""
"12899",""
"12900","http://dbpedia.org/ontology/Work"
"12901",""
"12902",""
"12903","http://dbpedia.org/ontology/Film"
"12904",""
"12905","http://dbpedia.org/ontology/Bank"
"12906",""
"12907","http://dbpedia.org/ontology/VideoGame"
"12908",""
"12909",""
"12910",""
"12911","http://dbpedia.org/ontology/SoccerClubSeason"
"12912",""
"12913",""
"12914","http://dbpedia.org/ontology/Person"
"12915",""
"12916","http://dbpedia.org/ontology/Scientist"
"12917",""
"12918",""
"12919",""
"12920","http://dbpedia.org/ontology/TelevisionShow"
"12921",""
"12922","http://dbpedia.org/ontology/Engine"
"12923",""
"12924",""
"12925",""
"12926",""
"12927",""
"12928","http://dbpedia.org/ontology/Bank"
"12929",""
"12930","http://dbpedia.org/ontology/Bacteria"
"12931","http://dbpedia.org/ontology/BasketballPlayer"
"12932",""
"12933","http://dbpedia.org/ontology/TelevisionShow"
"12934",""
"12935",""
"12936","http://dbpedia.org/ontology/Artist"
"12937","http://dbpedia.org/ontology/TelevisionShow"
"12938","http://dbpedia.org/ontology/Song"
"12939",""
"12940","http://dbpedia.org/ontology/Person"
"12941",""
"12942",""
"12943","http://dbpedia.org/ontology/InformationAppliance"
"12944","http://dbpedia.org/ontology/School"
"12945","http://dbpedia.org/ontology/AcademicJournal"
"12946",""
"12947","http://dbpedia.org/ontology/Royalty"
"12948","http://dbpedia.org/ontology/HistoricPlace"
"12949","http://dbpedia.org/ontology/Film"
"12950","http://dbpedia.org/ontology/Bank"
"12951","http://dbpedia.org/ontology/OfficeHolder"
"12952",""
"12953",""
"12954","http://dbpedia.org/ontology/TelevisionShow"
"12955","http://dbpedia.org/ontology/Company"
"12956",""
"12957",""
"12958",""
"12959",""
"12960",""
"12961",""
"12962",""
"12963","http://dbpedia.org/ontology/Automobile"
"12964","http://dbpedia.org/ontology/GrandPrix"
"12965",""
"12966",""
"12967","http://dbpedia.org/ontology/VideoGame"
"12968","http://dbpedia.org/ontology/TelevisionShow"
"12969",""
"12970","http://dbpedia.org/ontology/Work"
"12971",""
"12972",""
"12973","http://dbpedia.org/ontology/Athlete"
"12974","http://dbpedia.org/ontology/Film"
"12975",""
"12976",""
"12977","http://dbpedia.org/ontology/Film"
"12978","http://dbpedia.org/ontology/IceHockeyPlayer"
"12979",""
"12980","http://dbpedia.org/ontology/Bridge"
"12981",""
"12982",""
"12983","http://dbpedia.org/ontology/TelevisionShow"
"12984","http://dbpedia.org/ontology/Bridge"
"12985",""
"12986",""
"12987","http://dbpedia.org/ontology/Scientist"
"12988",""
"12989",""
"12990","http://dbpedia.org/ontology/Person"
"12991",""
"12992","http://dbpedia.org/ontology/Aircraft"
"12993",""
"12994",""
"12995",""
"12996",""
"12997",""
"12998",""
"12999","http://dbpedia.org/ontology/MilitaryConflict"
"13000",""
"13001","http://dbpedia.org/ontology/Company"
"13002",""
"13003","http://dbpedia.org/ontology/TelevisionShow"
"13004","http://dbpedia.org/ontology/AmericanFootballPlayer"
"13005",""
"13006",""
"13007",""
"13008","http://dbpedia.org/ontology/TelevisionStation"
"13009","http://dbpedia.org/ontology/FictionalCharacter"
"13010","http://dbpedia.org/ontology/Wrestler"
"13011",""
"13012",""
"13013","http://dbpedia.org/ontology/Film"
"13014","http://dbpedia.org/ontology/Person"
"13015","http://dbpedia.org/ontology/River"
"13016","http://dbpedia.org/ontology/University"
"13017","http://dbpedia.org/ontology/Astronaut"
"13018",""
"13019",""
"13020","http://dbpedia.org/ontology/Building"
"13021",""
"13022",""
"13023","http://dbpedia.org/ontology/Planet"
"13024",""
"13025","http://dbpedia.org/ontology/TelevisionShow"
"13026",""
"13027",""
"13028","http://dbpedia.org/ontology/TelevisionShow"
"13029",""
"13030",""
"13031",""
"13032",""
"13033",""
"13034","http://dbpedia.org/ontology/FigureSkater"
"13035",""
"13036",""
"13037",""
"13038",""
"13039","http://dbpedia.org/ontology/InformationAppliance"
"13040",""
"13041","http://dbpedia.org/ontology/Place"
"13042","http://dbpedia.org/ontology/Software"
"13043",""
"13044","http://dbpedia.org/ontology/Island"
"13045","http://dbpedia.org/ontology/Senator"
"13046",""
"13047",""
"13048",""
"13049","http://dbpedia.org/ontology/InformationAppliance"
"13050","http://dbpedia.org/ontology/Film"
"13051",""
"13052",""
"13053","http://dbpedia.org/ontology/RaceHorse"
"13054",""
"13055","http://dbpedia.org/ontology/Film"
"13056",""
"13057","http://dbpedia.org/ontology/Stadium"
"13058","http://dbpedia.org/ontology/Horse"
"13059","http://dbpedia.org/ontology/RadioProgram"
"13060","http://dbpedia.org/ontology/TelevisionShow"
"13061",""
"13062",""
"13063",""
"13064","http://dbpedia.org/ontology/Scientist"
"13065","http://dbpedia.org/ontology/Cartoon"
"13066","http://dbpedia.org/ontology/TelevisionShow"
"13067","http://dbpedia.org/ontology/InformationAppliance"
"13068",""
"13069",""
"13070",""
"13071",""
"13072","http://dbpedia.org/ontology/Musical"
"13073",""
"13074",""
"13075",""
"13076","http://dbpedia.org/ontology/Album"
"13077",""
"13078",""
"13079","http://dbpedia.org/ontology/Scientist"
"13080","http://dbpedia.org/ontology/BasketballTeam"
"13081",""
"13082",""
"13083","http://dbpedia.org/ontology/Film"
"13084",""
"13085",""
"13086","http://dbpedia.org/ontology/TelevisionShow"
"13087","http://dbpedia.org/ontology/TelevisionShow"
"13088","http://dbpedia.org/ontology/River"
"13089","http://dbpedia.org/ontology/Settlement"
"13090","http://dbpedia.org/ontology/TelevisionShow"
"13091",""
"13092",""
"13093","http://dbpedia.org/ontology/RaceHorse"
"13094",""
"13095",""
"13096",""
"13097",""
"13098",""
"13099",""
"13100",""
"13101","http://dbpedia.org/ontology/Film"
"13102","http://dbpedia.org/ontology/OfficeHolder"
"13103",""
"13104",""
"13105",""
"13106","http://dbpedia.org/ontology/Stadium"
"13107","http://dbpedia.org/ontology/MilitaryUnit"
"13108",""
"13109","http://dbpedia.org/ontology/Device"
"13110","http://dbpedia.org/ontology/BasketballPlayer"
"13111",""
"13112",""
"13113",""
"13114",""
"13115",""
"13116",""
"13117",""
"13118","http://dbpedia.org/ontology/TelevisionShow"
"13119",""
"13120",""
"13121","http://dbpedia.org/ontology/Film"
"13122",""
"13123","http://dbpedia.org/ontology/Person"
"13124","http://dbpedia.org/ontology/Publisher"
"13125",""
"13126","http://dbpedia.org/ontology/FictionalCharacter"
"13127",""
"13128",""
"13129","http://dbpedia.org/ontology/MilitaryUnit"
"13130",""
"13131","http://dbpedia.org/ontology/RugbyPlayer"
"13132",""
"13133","http://dbpedia.org/ontology/Software"
"13134",""
"13135",""
"13136",""
"13137",""
"13138",""
"13139","http://dbpedia.org/ontology/Language"
"13140",""
"13141",""
"13142","http://dbpedia.org/ontology/Bank"
"13143",""
"13144","http://dbpedia.org/ontology/Person"
"13145","http://dbpedia.org/ontology/TelevisionShow"
"13146",""
"13147","http://dbpedia.org/ontology/School"
"13148",""
"13149","http://dbpedia.org/ontology/River"
"13150","http://dbpedia.org/ontology/Horse"
"13151",""
"13152",""
"13153",""
"13154",""
"13155",""
"13156",""
"13157",""
"13158",""
"13159","http://dbpedia.org/ontology/River"
"13160",""
"13161","http://dbpedia.org/ontology/TelevisionShow"
"13162",""
"13163",""
"13164",""
"13165",""
"13166","http://dbpedia.org/ontology/Person"
"13167","http://dbpedia.org/ontology/Album"
"13168","http://dbpedia.org/ontology/Award"
"13169","http://dbpedia.org/ontology/Scientist"
"13170",""
"13171","http://dbpedia.org/ontology/Jockey"
"13172",""
"13173",""
"13174","http://dbpedia.org/ontology/Film"
"13175","http://dbpedia.org/ontology/Building"
"13176",""
"13177",""
"13178","http://dbpedia.org/ontology/TelevisionShow"
"13179","http://dbpedia.org/ontology/SoccerClub"
"13180",""
"13181",""
"13182",""
"13183",""
"13184",""
"13185",""
"13186",""
"13187","http://dbpedia.org/ontology/TelevisionShow"
"13188","http://dbpedia.org/ontology/Airport"
"13189",""
"13190","http://dbpedia.org/ontology/IceHockeyPlayer"
"13191","http://dbpedia.org/ontology/Book"
"13192","http://dbpedia.org/ontology/Magazine"
"13193",""
"13194",""
"13195",""
"13196","http://dbpedia.org/ontology/TelevisionShow"
"13197","http://dbpedia.org/ontology/Writer"
"13198","http://dbpedia.org/ontology/Film"
"13199","http://dbpedia.org/ontology/Mammal"
"13200","http://dbpedia.org/ontology/Single"
"13201",""
"13202",""
"13203","http://dbpedia.org/ontology/Person"
"13204","http://dbpedia.org/ontology/TelevisionShow"
"13205",""
"13206",""
"13207","http://dbpedia.org/ontology/TelevisionShow"
"13208",""
"13209",""
"13210",""
"13211",""
"13212","http://dbpedia.org/ontology/Film"
"13213",""
"13214",""
"13215",""
"13216",""
"13217","http://dbpedia.org/ontology/SportsTeam"
"13218",""
"13219",""
"13220",""
"13221",""
"13222","http://dbpedia.org/ontology/GovernmentAgency"
"13223","http://dbpedia.org/ontology/VideoGame"
"13224","http://dbpedia.org/ontology/VideoGame"
"13225",""
"13226",""
"13227",""
"13228","http://dbpedia.org/ontology/President"
"13229",""
"13230",""
"13231","http://dbpedia.org/ontology/MilitaryConflict"
"13232","http://dbpedia.org/ontology/Organisation"
"13233","http://dbpedia.org/ontology/TelevisionShow"
"13234","http://dbpedia.org/ontology/Automobile"
"13235","http://dbpedia.org/ontology/Astronaut"
"13236",""
"13237",""
"13238",""
"13239",""
"13240","http://dbpedia.org/ontology/Saint"
"13241",""
"13242",""
"13243","http://dbpedia.org/ontology/Scientist"
"13244","http://dbpedia.org/ontology/MilitaryConflict"
"13245",""
"13246",""
"13247",""
"13248","http://dbpedia.org/ontology/Astronaut"
"13249",""
"13250","http://dbpedia.org/ontology/Building"
"13251",""
"13252","http://dbpedia.org/ontology/TelevisionShow"
