ID,Query
15000,"SELECT DISTINCT ?uri WHERE {?uri <http://dbpedia.org/ontology/nationality> <http://dbpedia.org/resource/Russia> . ?uri <http://dbpedia.org/ontology/nationality> <http://dbpedia.org/resource/Soviet_Union> . ?uri <https://www.w3.org/1999/02/22-rdf-syntax-ns#type> <http://dbpedia.org/ontology/Astronaut>}|""SELECT DISTINCT ?uri WHERE {?uri <http://dbpedia.org/ontology/nationality> <http://dbpedia.org/resource/Russia> . ?uri <http://dbpedia.org/ontology/nationality> <http://dbpedia.org/resource/Soviet_Union> . ?uri <https://www.w3.org/1999/02/22-rdf-syntax-ns#type> <http://dbpedia.org/ontology/Astronaut>}""|"
15001,"SELECT DISTINCT ?uri WHERE { <http://dbpedia.org/resource/Ganges> <http://dbpedia.org/ontology/sourceCountry> ?uri }|""SELECT DISTINCT ?uri WHERE { <http://dbpedia.org/resource/Ganges> <http://dbpedia.org/ontology/sourceCountry> ?uri }"""
15002,
15003,
15004,"SELECT DISTINCT ?uri WHERE { <http://dbpedia.org/resource/John_F._Kennedy> <http://dbpedia.org/ontology/vicePresident> ?uri }|""SELECT DISTINCT ?uri WHERE { <http://dbpedia.org/resource/John_F._Kennedy> <http://dbpedia.org/ontology/vicePresident> ?uri }""|"
15005,"SELECT DISTINCT ?uri WHERE { <http://dbpedia.org/resource/Berlin> <http://dbpedia.org/ontology/leader> ?uri }|""SELECT DISTINCT ?uri WHERE { <http://dbpedia.org/resource/Berlin> <http://dbpedia.org/ontology/leader> ?uri }""|"
15006,SELECT (COUNT(DISTINCT ?x) as ?c) WHERE{ <http://dbpedia.org/resource/VU_University_Amsterdam> <http://dbpedia.org/ontology/numberOfStudents> ?v1. }|
15007,
15008,
15009,
15010,
15011,"SELECT DISTINCT ?uri WHERE { ?uri <http://dbpedia.org/ontology/occupation> <http://dbpedia.org/resource/Bandleader> . ?uri <http://dbpedia.org/ontology/instrument> <http://dbpedia.org/resource/Trumpet> . }|""SELECT DISTINCT ?uri WHERE { ?uri <http://dbpedia.org/ontology/occupation> <http://dbpedia.org/resource/Bandleader> . ?uri <http://dbpedia.org/ontology/instrument> <http://dbpedia.org/resource/Trumpet> . }""|"
15012,
15013,
15014,"SELECT DISTINCT ?uri WHERE { <http://dbpedia.org/resource/Orangina> <http://dbpedia.org/ontology/product> ?uri }|""SELECT DISTINCT ?uri WHERE { <http://dbpedia.org/resource/Orangina> <http://dbpedia.org/ontology/product> ?uri }""|"
15015,
15016,
15017,
15018,"SELECT DISTINCT ?uri WHERE { <http://dbpedia.org/resource/The_Prodigy> <http://dbpedia.org/ontology/bandMember> ?uri }|""SELECT DISTINCT ?uri WHERE { <http://dbpedia.org/resource/The_Prodigy> <http://dbpedia.org/ontology/bandMember> ?uri }""|"
15019,
15020,"SELECT DISTINCT ?uri WHERE { ?uri <http://dbpedia.org/ontology/numberOfEpisodes> <http://dbpedia.org/resource/Breaking_Bad> . ?uri <http://dbpedia.org/ontology/numberOfEpisodes> <http://dbpedia.org/resource/Game_of_Thrones> . }|""SELECT DISTINCT ?uri WHERE { ?uri <http://dbpedia.org/ontology/numberOfEpisodes> <http://dbpedia.org/resource/Breaking_Bad> . ?uri <http://dbpedia.org/ontology/numberOfEpisodes> <http://dbpedia.org/resource/Game_of_Thrones> . }""|"
15021,
15022,
15023,"SELECT DISTINCT ?uri WHERE { ?uri <http://dbpedia.org/ontology/birthPlace> <http://dbpedia.org/resource/Vienna> . ?uri <http://dbpedia.org/ontology/deathPlace> <http://dbpedia.org/resource/Berlin> . }|""SELECT DISTINCT ?uri WHERE { ?uri <http://dbpedia.org/ontology/birthPlace> <http://dbpedia.org/resource/Vienna> . ?uri <http://dbpedia.org/ontology/deathPlace> <http://dbpedia.org/resource/Berlin> . }""|"
15024,
15025,"SELECT DISTINCT ?uri WHERE { <http://dbpedia.org/resource/Michael_Jordan> <http://dbpedia.org/ontology/height> ?uri }|""SELECT DISTINCT ?uri WHERE { <http://dbpedia.org/resource/Michael_Jordan> <http://dbpedia.org/ontology/height> ?uri }""|"
15026,"SELECT DISTINCT ?uri WHERE { <http://dbpedia.org/resource/Canada> <http://dbpedia.org/ontology/capital> ?uri }|""SELECT DISTINCT ?uri WHERE { <http://dbpedia.org/resource/Canada> <http://dbpedia.org/ontology/capital> ?uri }""|"
15027,
15028,
15029,
15030,
15031,SELECT (COUNT(DISTINCT ?x) as ?c) WHERE{ <http://dbpedia.org/resource/Turkmenistan> <http://dbpedia.org/ontology/language> ?v1. }|
15032,
15033,"SELECT DISTINCT ?uri WHERE {?uri <http://dbpedia.org/ontology/director> <http://dbpedia.org/resource/Francis_Ford_Coppola> . ?uri <https://www.w3.org/1999/02/22-rdf-syntax-ns#type> <http://dbpedia.org/ontology/Film>}|""SELECT DISTINCT ?uri WHERE {?uri <http://dbpedia.org/ontology/director> <http://dbpedia.org/resource/Francis_Ford_Coppola> . ?uri <https://www.w3.org/1999/02/22-rdf-syntax-ns#type> <http://dbpedia.org/ontology/Film>}""|""SELECT DISTINCT ?uri WHERE { <http://dbpedia.org/resource/Francis_Ford_Coppola> <http://dbpedia.org/ontology/director> ?uri. ?uri <https://www.w3.org/1999/02/22-rdf-syntax-ns#type> <http://dbpedia.org/ontology/Film>}""|""SELECT DISTINCT ?uri WHERE { <http://dbpedia.org/resource/Francis_Ford_Coppola> <http://dbpedia.org/ontology/director> ?uri. ?uri <https://www.w3.org/1999/02/22-rdf-syntax-ns#type> <http://dbpedia.org/ontology/Film>}""|"
15034,"SELECT DISTINCT ?uri WHERE { ?x <http://dbpedia.org/ontology/director> <http://dbpedia.org/resource/William_Shatner> . ?x <http://dbpedia.org/ontology/starring> ?uri . }|""SELECT DISTINCT ?uri WHERE { ?x <http://dbpedia.org/ontology/director> <http://dbpedia.org/resource/William_Shatner> . ?x <http://dbpedia.org/ontology/starring> ?uri . }""|""SELECT DISTINCT ?uri WHERE { <http://dbpedia.org/resource/William_Shatner> <http://dbpedia.org/ontology/director> ?x. ?x <http://dbpedia.org/ontology/starring> ?uri  }""|""SELECT DISTINCT ?uri WHERE { <http://dbpedia.org/resource/William_Shatner> <http://dbpedia.org/ontology/director> ?x. ?x <http://dbpedia.org/ontology/starring> ?uri  }""|"
15035,ASK WHERE { <http://dbpedia.org/resource/Hylidae> <http://dbpedia.org/ontology/class> <http://dbpedia.org/resource/Amphibian> }|
15036,
15037,
15038,"SELECT DISTINCT ?uri WHERE { <http://dbpedia.org/resource/Jane_Fonda> <http://dbpedia.org/ontology/spouse> ?uri }|""SELECT DISTINCT ?uri WHERE { <http://dbpedia.org/resource/Jane_Fonda> <http://dbpedia.org/ontology/spouse> ?uri }""|"
15039,
15040,"SELECT DISTINCT ?uri WHERE { <http://dbpedia.org/resource/T._E._Lawrence> <http://dbpedia.org/ontology/battle> ?uri }|""SELECT DISTINCT ?uri WHERE { <http://dbpedia.org/resource/T._E._Lawrence> <http://dbpedia.org/ontology/battle> ?uri }""|"
15041,"SELECT DISTINCT ?uri WHERE { <http://dbpedia.org/resource/Minecraft> <http://dbpedia.org/ontology/developer> ?uri }|""SELECT DISTINCT ?uri WHERE { <http://dbpedia.org/resource/Minecraft> <http://dbpedia.org/ontology/developer> ?uri }""|"
15042,
15043,
15044,SELECT (COUNT(DISTINCT ?x) as ?c) WHERE{ <http://dbpedia.org/resource/Maribor> <http://dbpedia.org/ontology/populationTotal> ?v1. }|
15045,
15046,"SELECT DISTINCT ?uri WHERE { <http://dbpedia.org/resource/Claudia_Schiffer> <http://dbpedia.org/ontology/height> ?uri }|""SELECT DISTINCT ?uri WHERE { <http://dbpedia.org/resource/Claudia_Schiffer> <http://dbpedia.org/ontology/height> ?uri }""|"
15047,"SELECT DISTINCT ?uri WHERE { <http://dbpedia.org/resource/GMT_Games> <http://dbpedia.org/ontology/publisher> ?uri }|""SELECT DISTINCT ?uri WHERE { <http://dbpedia.org/resource/GMT_Games> <http://dbpedia.org/ontology/publisher> ?uri }""|"
15048,"SELECT DISTINCT ?uri WHERE { <http://dbpedia.org/resource/Intel> <http://dbpedia.org/ontology/foundedBy> ?uri }|""SELECT DISTINCT ?uri WHERE { <http://dbpedia.org/resource/Intel> <http://dbpedia.org/ontology/foundedBy> ?uri }""|"
15049,
15050,
15051,"SELECT DISTINCT ?uri WHERE { <http://dbpedia.org/resource/Weser> <http://dbpedia.org/ontology/city> ?uri }|""SELECT DISTINCT ?uri WHERE { <http://dbpedia.org/resource/Weser> <http://dbpedia.org/ontology/city> ?uri }""|"
15052,
15053,
15054,
15055,"SELECT DISTINCT ?uri WHERE { ?uri <http://dbpedia.org/ontology/headquarter> <http://dbpedia.org/resource/Secret_Intelligence_Service> . ?uri <http://dbpedia.org/ontology/country> <http://dbpedia.org/resource/United_Kingdom> . }|""SELECT DISTINCT ?uri WHERE { ?uri <http://dbpedia.org/ontology/headquarter> <http://dbpedia.org/resource/Secret_Intelligence_Service> . ?uri <http://dbpedia.org/ontology/country> <http://dbpedia.org/resource/United_Kingdom> . }""|"
15056,
15057,"SELECT DISTINCT ?uri WHERE { <http://dbpedia.org/resource/Goofy> <http://dbpedia.org/ontology/creator> ?uri }|""SELECT DISTINCT ?uri WHERE { <http://dbpedia.org/resource/Goofy> <http://dbpedia.org/ontology/creator> ?uri }""|"
15058,"SELECT DISTINCT ?uri WHERE { ?uri <http://dbpedia.org/ontology/date> <http://dbpedia.org/resource/Cuban_missile_crisis> . ?uri <http://dbpedia.org/ontology/date> <http://dbpedia.org/resource/Bay_of_Pigs_Invasion> . }|""SELECT DISTINCT ?uri WHERE { ?uri <http://dbpedia.org/ontology/date> <http://dbpedia.org/resource/Cuban_missile_crisis> . ?uri <http://dbpedia.org/ontology/date> <http://dbpedia.org/resource/Bay_of_Pigs_Invasion> . }""|"
15059,"SELECT DISTINCT ?uri WHERE {?uri <http://dbpedia.org/ontology/country> <http://dbpedia.org/resource/Japan> . ?uri <https://www.w3.org/1999/02/22-rdf-syntax-ns#type> <http://dbpedia.org/ontology/Island>}|""SELECT DISTINCT ?uri WHERE {?uri <http://dbpedia.org/ontology/country> <http://dbpedia.org/resource/Japan> . ?uri <https://www.w3.org/1999/02/22-rdf-syntax-ns#type> <http://dbpedia.org/ontology/Island>}""|""SELECT DISTINCT ?uri WHERE { <http://dbpedia.org/resource/Japan> <http://dbpedia.org/ontology/country> ?uri. ?uri <https://www.w3.org/1999/02/22-rdf-syntax-ns#type> <http://dbpedia.org/ontology/Island>}""|""SELECT DISTINCT ?uri WHERE { <http://dbpedia.org/resource/Japan> <http://dbpedia.org/ontology/country> ?uri. ?uri <https://www.w3.org/1999/02/22-rdf-syntax-ns#type> <http://dbpedia.org/ontology/Island>}""|"
15060,
15061,
15062,
15063,
15064,
15065,"SELECT DISTINCT ?uri WHERE { <http://dbpedia.org/resource/Apollo_14> <http://dbpedia.org/ontology/mission> ?uri }|""SELECT DISTINCT ?uri WHERE { <http://dbpedia.org/resource/Apollo_14> <http://dbpedia.org/ontology/mission> ?uri }""|"
15066,
15067,
15068,
15069,
15070,
15071,ASK WHERE { <http://dbpedia.org/resource/Socrates> <http://dbpedia.org/ontology/influenced> <http://dbpedia.org/resource/Aristotle> }|
15072,"SELECT DISTINCT ?uri WHERE {?uri <http://dbpedia.org/ontology/country> <http://dbpedia.org/resource/Denmark> . ?uri <https://www.w3.org/1999/02/22-rdf-syntax-ns#type> <http://dbpedia.org/ontology/Film>}|""SELECT DISTINCT ?uri WHERE {?uri <http://dbpedia.org/ontology/country> <http://dbpedia.org/resource/Denmark> . ?uri <https://www.w3.org/1999/02/22-rdf-syntax-ns#type> <http://dbpedia.org/ontology/Film>}""|""SELECT DISTINCT ?uri WHERE { <http://dbpedia.org/resource/Denmark> <http://dbpedia.org/ontology/country> ?uri. ?uri <https://www.w3.org/1999/02/22-rdf-syntax-ns#type> <http://dbpedia.org/ontology/Film>}""|""SELECT DISTINCT ?uri WHERE { <http://dbpedia.org/resource/Denmark> <http://dbpedia.org/ontology/country> ?uri. ?uri <https://www.w3.org/1999/02/22-rdf-syntax-ns#type> <http://dbpedia.org/ontology/Film>}""|"
15073,"SELECT DISTINCT ?uri WHERE {?uri <http://dbpedia.org/ontology/operator> <http://dbpedia.org/resource/NASA> . ?uri <https://www.w3.org/1999/02/22-rdf-syntax-ns#type> <http://dbpedia.org/ontology/LaunchPad>}|""SELECT DISTINCT ?uri WHERE {?uri <http://dbpedia.org/ontology/operator> <http://dbpedia.org/resource/NASA> . ?uri <https://www.w3.org/1999/02/22-rdf-syntax-ns#type> <http://dbpedia.org/ontology/LaunchPad>}""|""SELECT DISTINCT ?uri WHERE { <http://dbpedia.org/resource/NASA> <http://dbpedia.org/ontology/operator> ?uri. ?uri <https://www.w3.org/1999/02/22-rdf-syntax-ns#type> <http://dbpedia.org/ontology/LaunchPad>}""|""SELECT DISTINCT ?uri WHERE { <http://dbpedia.org/resource/NASA> <http://dbpedia.org/ontology/operator> ?uri. ?uri <https://www.w3.org/1999/02/22-rdf-syntax-ns#type> <http://dbpedia.org/ontology/LaunchPad>}""|"
15074,"SELECT DISTINCT ?uri WHERE { <http://dbpedia.org/resource/Cat_Stevens> <http://dbpedia.org/ontology/instrument> ?uri }|""SELECT DISTINCT ?uri WHERE { <http://dbpedia.org/resource/Cat_Stevens> <http://dbpedia.org/ontology/instrument> ?uri }""|"
15075,
15076,"SELECT DISTINCT ?uri WHERE { ?x <http://dbpedia.org/ontology/spouse> <http://dbpedia.org/resource/Juan_Carlos_I_of_Spain> . ?x <http://dbpedia.org/ontology/parent> ?uri . }|""SELECT DISTINCT ?uri WHERE { ?x <http://dbpedia.org/ontology/spouse> <http://dbpedia.org/resource/Juan_Carlos_I_of_Spain> . ?x <http://dbpedia.org/ontology/parent> ?uri . }""|""SELECT DISTINCT ?uri WHERE { <http://dbpedia.org/resource/Juan_Carlos_I_of_Spain> <http://dbpedia.org/ontology/spouse> ?x. ?x <http://dbpedia.org/ontology/parent> ?uri  }""|""SELECT DISTINCT ?uri WHERE { <http://dbpedia.org/resource/Juan_Carlos_I_of_Spain> <http://dbpedia.org/ontology/spouse> ?x. ?x <http://dbpedia.org/ontology/parent> ?uri  }""|"
15077,SELECT (COUNT(DISTINCT ?x) as ?c) WHERE{ <http://dbpedia.org/resource/Google> <http://dbpedia.org/ontology/numberOfEmployees> ?v1. }|
15078,ASK WHERE { <http://dbpedia.org/resource/Nikola_Tesla> <http://dbpedia.org/ontology/award> <http://dbpedia.org/resource/Nobel_Prize_in_Physics> }|
15079,"SELECT DISTINCT ?uri WHERE { ?x <http://dbpedia.org/ontology/isPartOf> <http://dbpedia.org/resource/New_Jersey> . ?x <http://dbpedia.org/ontology/populationTotal> ?uri . ?x <https://www.w3.org/1999/02/22-rdf-syntax-ns#type> <http://dbpedia.org/ontology/City>}|""SELECT DISTINCT ?uri WHERE { ?x <http://dbpedia.org/ontology/isPartOf> <http://dbpedia.org/resource/New_Jersey> . ?x <http://dbpedia.org/ontology/populationTotal> ?uri . ?x <https://www.w3.org/1999/02/22-rdf-syntax-ns#type> <http://dbpedia.org/ontology/City>}""|"
15080,ASK WHERE { <http://dbpedia.org/resource/Tom_Hanks> <http://dbpedia.org/ontology/spouse> <http://dbpedia.org/resource/Rita_Wilson> }|
15081,
15082,
15083,SELECT (COUNT(DISTINCT ?x) as ?c) WHERE{ <http://dbpedia.org/resource/Benjamin_Franklin> <http://dbpedia.org/ontology/child> ?v1. }|
15084,"SELECT DISTINCT ?uri WHERE { <http://dbpedia.org/resource/Michael_Jackson> <http://dbpedia.org/ontology/deathDate> ?uri }|""SELECT DISTINCT ?uri WHERE { <http://dbpedia.org/resource/Michael_Jackson> <http://dbpedia.org/ontology/deathDate> ?uri }""|"
15085,
15086,"SELECT DISTINCT ?uri WHERE { <http://dbpedia.org/resource/Margaret_Thatcher> <http://dbpedia.org/ontology/child> ?uri }|""SELECT DISTINCT ?uri WHERE { <http://dbpedia.org/resource/Margaret_Thatcher> <http://dbpedia.org/ontology/child> ?uri }""|"
15087,
15088,ASK WHERE { <http://dbpedia.org/resource/Margaret_Thatcher> <http://dbpedia.org/ontology/profession> <http://dbpedia.org/resource/Chemist> }|
15089,
15090,"SELECT DISTINCT ?uri WHERE { <http://dbpedia.org/resource/The_Scream> <http://dbpedia.org/ontology/museum> ?uri }|""SELECT DISTINCT ?uri WHERE { <http://dbpedia.org/resource/The_Scream> <http://dbpedia.org/ontology/museum> ?uri }""|"
15091,"SELECT DISTINCT ?uri WHERE { ?x <http://dbpedia.org/ontology/author> <http://dbpedia.org/resource/William_Goldman> . ?x <http://dbpedia.org/ontology/numberOfPages> ?uri . ?x <https://www.w3.org/1999/02/22-rdf-syntax-ns#type> <http://dbpedia.org/ontology/Book>}|""SELECT DISTINCT ?uri WHERE { ?x <http://dbpedia.org/ontology/author> <http://dbpedia.org/resource/William_Goldman> . ?x <http://dbpedia.org/ontology/numberOfPages> ?uri . ?x <https://www.w3.org/1999/02/22-rdf-syntax-ns#type> <http://dbpedia.org/ontology/Book>}""|"
15092,"SELECT DISTINCT ?uri WHERE {?uri <http://dbpedia.org/ontology/publisher> <http://dbpedia.org/resource/Viking_Press> . ?uri <http://dbpedia.org/ontology/author> <http://dbpedia.org/resource/Jack_Kerouac> . ?uri <https://www.w3.org/1999/02/22-rdf-syntax-ns#type> <http://dbpedia.org/ontology/Book>}|""SELECT DISTINCT ?uri WHERE {?uri <http://dbpedia.org/ontology/publisher> <http://dbpedia.org/resource/Viking_Press> . ?uri <http://dbpedia.org/ontology/author> <http://dbpedia.org/resource/Jack_Kerouac> . ?uri <https://www.w3.org/1999/02/22-rdf-syntax-ns#type> <http://dbpedia.org/ontology/Book>}""|"
15093,
15094,"SELECT DISTINCT ?uri WHERE { <http://dbpedia.org/resource/Mount_Everest> <http://dbpedia.org/ontology/elevation> ?uri }|""SELECT DISTINCT ?uri WHERE { <http://dbpedia.org/resource/Mount_Everest> <http://dbpedia.org/ontology/elevation> ?uri }""|"
15095,
15096,"SELECT (COUNT(DISTINCT ?x) as ?c) WHERE { ?x <http://dbpedia.org/ontology/capital> <http://dbpedia.org/resource/Australia> . ?x <http://dbpedia.org/ontology/populationTotal> ?uri . }|""SELECT (COUNT(DISTINCT ?x) as ?c) WHERE { <http://dbpedia.org/resource/Australia> <http://dbpedia.org/ontology/capital> ?x. ?x <http://dbpedia.org/ontology/populationTotal> ?uri  }""|"
15097,"SELECT DISTINCT ?uri WHERE { <http://dbpedia.org/resource/Australia> <http://dbpedia.org/ontology/largestCity> ?uri }|""SELECT DISTINCT ?uri WHERE { <http://dbpedia.org/resource/Australia> <http://dbpedia.org/ontology/largestCity> ?uri }""|"
15098,"SELECT DISTINCT ?uri WHERE { <http://dbpedia.org/resource/Harold_and_Maude> <http://dbpedia.org/ontology/musicComposer> ?uri }|""SELECT DISTINCT ?uri WHERE { <http://dbpedia.org/resource/Harold_and_Maude> <http://dbpedia.org/ontology/musicComposer> ?uri }""|"
15099,"SELECT DISTINCT ?uri WHERE { ?uri <http://dbpedia.org/ontology/director> <http://dbpedia.org/resource/Clint_Eastwood> . ?uri <http://dbpedia.org/ontology/starring> <http://dbpedia.org/resource/Clint_Eastwood> . }|""SELECT DISTINCT ?uri WHERE { ?uri <http://dbpedia.org/ontology/director> <http://dbpedia.org/resource/Clint_Eastwood> . ?uri <http://dbpedia.org/ontology/starring> <http://dbpedia.org/resource/Clint_Eastwood> . }""|"
15100,"SELECT DISTINCT ?uri WHERE {?uri <http://dbpedia.org/ontology/restingPlace> <http://dbpedia.org/resource/Juliana_of_the_Netherlands> . ?uri <https://www.w3.org/1999/02/22-rdf-syntax-ns#type> <http://dbpedia.org/ontology/Settlement>}|""SELECT DISTINCT ?uri WHERE {?uri <http://dbpedia.org/ontology/restingPlace> <http://dbpedia.org/resource/Juliana_of_the_Netherlands> . ?uri <https://www.w3.org/1999/02/22-rdf-syntax-ns#type> <http://dbpedia.org/ontology/Settlement>}""|""SELECT DISTINCT ?uri WHERE { <http://dbpedia.org/resource/Juliana_of_the_Netherlands> <http://dbpedia.org/ontology/restingPlace> ?uri. ?uri <https://www.w3.org/1999/02/22-rdf-syntax-ns#type> <http://dbpedia.org/ontology/Settlement>}""|""SELECT DISTINCT ?uri WHERE { <http://dbpedia.org/resource/Juliana_of_the_Netherlands> <http://dbpedia.org/ontology/restingPlace> ?uri. ?uri <https://www.w3.org/1999/02/22-rdf-syntax-ns#type> <http://dbpedia.org/ontology/Settlement>}""|"
15101,"SELECT DISTINCT ?uri WHERE { ?uri <http://dbpedia.org/ontology/largestCity> <http://dbpedia.org/resource/Egypt> . ?uri <http://dbpedia.org/ontology/capital> <http://dbpedia.org/resource/Egypt> . }|""SELECT DISTINCT ?uri WHERE { ?uri <http://dbpedia.org/ontology/largestCity> <http://dbpedia.org/resource/Egypt> . ?uri <http://dbpedia.org/ontology/capital> <http://dbpedia.org/resource/Egypt> . }""|"
15102,
15103,
15104,"SELECT DISTINCT ?uri WHERE { ?x <http://dbpedia.org/ontology/artist> <http://dbpedia.org/resource/Bruce_Springsteen> . ?x <http://dbpedia.org/ontology/releaseDate> ?uri . ?x <https://www.w3.org/1999/02/22-rdf-syntax-ns#type> <http://dbpedia.org/ontology/Song>}|""SELECT DISTINCT ?uri WHERE { ?x <http://dbpedia.org/ontology/artist> <http://dbpedia.org/resource/Bruce_Springsteen> . ?x <http://dbpedia.org/ontology/releaseDate> ?uri . ?x <https://www.w3.org/1999/02/22-rdf-syntax-ns#type> <http://dbpedia.org/ontology/Song>}""|"
15105,
15106,
15107,
15108,"SELECT DISTINCT ?uri WHERE { ?x <http://dbpedia.org/ontology/musicalArtist> <http://dbpedia.org/resource/Ramones> . ?x <http://dbpedia.org/ontology/bSide> ?uri . }|""SELECT DISTINCT ?uri WHERE { ?x <http://dbpedia.org/ontology/musicalArtist> <http://dbpedia.org/resource/Ramones> . ?x <http://dbpedia.org/ontology/bSide> ?uri . }""|""SELECT DISTINCT ?uri WHERE { <http://dbpedia.org/resource/Ramones> <http://dbpedia.org/ontology/musicalArtist> ?x. ?x <http://dbpedia.org/ontology/bSide> ?uri  }""|""SELECT DISTINCT ?uri WHERE { <http://dbpedia.org/resource/Ramones> <http://dbpedia.org/ontology/musicalArtist> ?x. ?x <http://dbpedia.org/ontology/bSide> ?uri  }""|"
15109,
15110,"SELECT DISTINCT ?uri WHERE { ?x <http://dbpedia.org/ontology/creator> <http://dbpedia.org/resource/Miffy> . ?x <http://dbpedia.org/ontology/nationality> ?uri . }|""SELECT DISTINCT ?uri WHERE { ?x <http://dbpedia.org/ontology/creator> <http://dbpedia.org/resource/Miffy> . ?x <http://dbpedia.org/ontology/nationality> ?uri . }""|""SELECT DISTINCT ?uri WHERE { <http://dbpedia.org/resource/Miffy> <http://dbpedia.org/ontology/creator> ?x. ?x <http://dbpedia.org/ontology/nationality> ?uri  }""|""SELECT DISTINCT ?uri WHERE { <http://dbpedia.org/resource/Miffy> <http://dbpedia.org/ontology/creator> ?x. ?x <http://dbpedia.org/ontology/nationality> ?uri  }""|"
15111,
15112,"SELECT DISTINCT ?uri WHERE { ?x <http://dbpedia.org/ontology/starring> <http://dbpedia.org/resource/Charmed> . ?x <http://dbpedia.org/ontology/birthDate> ?uri . }|""SELECT DISTINCT ?uri WHERE { ?x <http://dbpedia.org/ontology/starring> <http://dbpedia.org/resource/Charmed> . ?x <http://dbpedia.org/ontology/birthDate> ?uri . }""|""SELECT DISTINCT ?uri WHERE { <http://dbpedia.org/resource/Charmed> <http://dbpedia.org/ontology/starring> ?x. ?x <http://dbpedia.org/ontology/birthDate> ?uri  }""|""SELECT DISTINCT ?uri WHERE { <http://dbpedia.org/resource/Charmed> <http://dbpedia.org/ontology/starring> ?x. ?x <http://dbpedia.org/ontology/birthDate> ?uri  }""|"
15113,SELECT (COUNT(DISTINCT ?x) as ?c) WHERE{ <http://dbpedia.org/resource/IBM> <http://dbpedia.org/ontology/numberOfEmployees> ?v1. }|
15114,
15115,"SELECT DISTINCT ?uri WHERE { <http://dbpedia.org/resource/Limerick_Lake> <http://dbpedia.org/ontology/country> ?uri }|""SELECT DISTINCT ?uri WHERE { <http://dbpedia.org/resource/Limerick_Lake> <http://dbpedia.org/ontology/country> ?uri }""|"
15116,"SELECT DISTINCT ?uri WHERE {?uri <http://dbpedia.org/ontology/creator> <http://dbpedia.org/resource/John_Cleese> . ?uri <https://www.w3.org/1999/02/22-rdf-syntax-ns#type> <http://dbpedia.org/ontology/TelevisionShow>}|""SELECT DISTINCT ?uri WHERE {?uri <http://dbpedia.org/ontology/creator> <http://dbpedia.org/resource/John_Cleese> . ?uri <https://www.w3.org/1999/02/22-rdf-syntax-ns#type> <http://dbpedia.org/ontology/TelevisionShow>}""|""SELECT DISTINCT ?uri WHERE { <http://dbpedia.org/resource/John_Cleese> <http://dbpedia.org/ontology/creator> ?uri. ?uri <https://www.w3.org/1999/02/22-rdf-syntax-ns#type> <http://dbpedia.org/ontology/TelevisionShow>}""|""SELECT DISTINCT ?uri WHERE { <http://dbpedia.org/resource/John_Cleese> <http://dbpedia.org/ontology/creator> ?uri. ?uri <https://www.w3.org/1999/02/22-rdf-syntax-ns#type> <http://dbpedia.org/ontology/TelevisionShow>}""|"
15117,"SELECT DISTINCT ?uri WHERE { ?x <http://dbpedia.org/ontology/elevation> <http://dbpedia.org/resource/Annapurna> . ?x <http://dbpedia.org/ontology/elevation> ?uri . ?x <https://www.w3.org/1999/02/22-rdf-syntax-ns#type> <http://dbpedia.org/ontology/Mountain>}|""SELECT DISTINCT ?uri WHERE { ?x <http://dbpedia.org/ontology/elevation> <http://dbpedia.org/resource/Annapurna> . ?x <http://dbpedia.org/ontology/elevation> ?uri . ?x <https://www.w3.org/1999/02/22-rdf-syntax-ns#type> <http://dbpedia.org/ontology/Mountain>}""|"
15118,"SELECT DISTINCT ?uri WHERE {?uri <http://dbpedia.org/ontology/starring> <http://dbpedia.org/resource/Julia_Roberts> . ?uri <http://dbpedia.org/ontology/director> <http://dbpedia.org/resource/Garry_Marshall> . ?uri <https://www.w3.org/1999/02/22-rdf-syntax-ns#type> <http://dbpedia.org/ontology/Film>}|""SELECT DISTINCT ?uri WHERE {?uri <http://dbpedia.org/ontology/starring> <http://dbpedia.org/resource/Julia_Roberts> . ?uri <http://dbpedia.org/ontology/director> <http://dbpedia.org/resource/Garry_Marshall> . ?uri <https://www.w3.org/1999/02/22-rdf-syntax-ns#type> <http://dbpedia.org/ontology/Film>}""|"
15119,
15120,ASK WHERE { <http://dbpedia.org/resource/Andrew_Jackson> <http://dbpedia.org/ontology/battle> ?v1. }|
15121,
15122,ASK WHERE { <http://dbpedia.org/resource/Douglas_Hofstadter> <http://dbpedia.org/ontology/award> ?v1. }|
15123,"SELECT DISTINCT ?uri WHERE { ?x <http://dbpedia.org/ontology/child> <http://dbpedia.org/resource/Robert_F._Kennedy> . ?x <http://dbpedia.org/ontology/spouse> ?uri . }|""SELECT DISTINCT ?uri WHERE { ?x <http://dbpedia.org/ontology/child> <http://dbpedia.org/resource/Robert_F._Kennedy> . ?x <http://dbpedia.org/ontology/spouse> ?uri . }""|""SELECT DISTINCT ?uri WHERE { <http://dbpedia.org/resource/Robert_F._Kennedy> <http://dbpedia.org/ontology/child> ?x. ?x <http://dbpedia.org/ontology/spouse> ?uri  }""|""SELECT DISTINCT ?uri WHERE { <http://dbpedia.org/resource/Robert_F._Kennedy> <http://dbpedia.org/ontology/child> ?x. ?x <http://dbpedia.org/ontology/spouse> ?uri  }""|"
15124,
15125,"SELECT DISTINCT ?uri WHERE { <http://dbpedia.org/resource/Czech_Republic> <http://dbpedia.org/ontology/currency> ?uri }|""SELECT DISTINCT ?uri WHERE { <http://dbpedia.org/resource/Czech_Republic> <http://dbpedia.org/ontology/currency> ?uri }""|"
15126,
15127,"SELECT DISTINCT ?uri WHERE { <http://dbpedia.org/resource/Berlin> <http://dbpedia.org/ontology/areaCode> ?uri }|""SELECT DISTINCT ?uri WHERE { <http://dbpedia.org/resource/Berlin> <http://dbpedia.org/ontology/areaCode> ?uri }""|"
15128,
15129,"SELECT DISTINCT ?uri WHERE { <http://dbpedia.org/resource/Rolls-Royce_Motors> <http://dbpedia.org/ontology/owner> ?uri }|""SELECT DISTINCT ?uri WHERE { <http://dbpedia.org/resource/Rolls-Royce_Motors> <http://dbpedia.org/ontology/owner> ?uri }""|"
15130,"SELECT DISTINCT ?uri WHERE { <http://dbpedia.org/resource/Yenisei> <http://dbpedia.org/ontology/country> ?uri }|""SELECT DISTINCT ?uri WHERE { <http://dbpedia.org/resource/Yenisei> <http://dbpedia.org/ontology/country> ?uri }""|"
15131,
15132,
15133,"SELECT DISTINCT ?uri WHERE { <http://dbpedia.org/resource/Battle_of_Gettysburg> <http://dbpedia.org/ontology/date> ?uri }|""SELECT DISTINCT ?uri WHERE { <http://dbpedia.org/resource/Battle_of_Gettysburg> <http://dbpedia.org/ontology/date> ?uri }""|"
15134,"SELECT DISTINCT ?uri WHERE { <http://dbpedia.org/resource/Brooklyn_Bridge> <http://dbpedia.org/ontology/crosses> ?uri }|""SELECT DISTINCT ?uri WHERE { <http://dbpedia.org/resource/Brooklyn_Bridge> <http://dbpedia.org/ontology/crosses> ?uri }""|"
15135,"SELECT DISTINCT ?uri WHERE { ?x <http://dbpedia.org/ontology/locatedInArea> <http://dbpedia.org/resource/Australia> . ?x <http://dbpedia.org/ontology/elevation> ?uri . ?x <https://www.w3.org/1999/02/22-rdf-syntax-ns#type> <http://dbpedia.org/ontology/Mountain>}|""SELECT DISTINCT ?uri WHERE { ?x <http://dbpedia.org/ontology/locatedInArea> <http://dbpedia.org/resource/Australia> . ?x <http://dbpedia.org/ontology/elevation> ?uri . ?x <https://www.w3.org/1999/02/22-rdf-syntax-ns#type> <http://dbpedia.org/ontology/Mountain>}""|"
15136,
15137,"SELECT DISTINCT ?uri WHERE { <http://dbpedia.org/resource/Suriname> <http://dbpedia.org/ontology/officialLanguage> ?uri }|""SELECT DISTINCT ?uri WHERE { <http://dbpedia.org/resource/Suriname> <http://dbpedia.org/ontology/officialLanguage> ?uri }""|"
15138,"SELECT DISTINCT ?uri WHERE { <http://dbpedia.org/resource/Tel_Aviv> <http://dbpedia.org/ontology/leaderName> ?uri }|""SELECT DISTINCT ?uri WHERE { <http://dbpedia.org/resource/Tel_Aviv> <http://dbpedia.org/ontology/leaderName> ?uri }""|"
15139,"SELECT DISTINCT ?uri WHERE { <http://dbpedia.org/resource/Brooklyn_Bridge> <http://dbpedia.org/ontology/architect> ?uri }|""SELECT DISTINCT ?uri WHERE { <http://dbpedia.org/resource/Brooklyn_Bridge> <http://dbpedia.org/ontology/architect> ?uri }""|"
15140,
15141,ASK WHERE { <http://dbpedia.org/resource/Frank_Herbert> <http://dbpedia.org/ontology/deathDate> ?v1. }|
15142,
15143,"SELECT DISTINCT ?uri WHERE { <http://dbpedia.org/resource/Forbes> <http://dbpedia.org/ontology/editor> ?uri }|""SELECT DISTINCT ?uri WHERE { <http://dbpedia.org/resource/Forbes> <http://dbpedia.org/ontology/editor> ?uri }""|"
15144,
15145,
15146,"SELECT DISTINCT ?uri WHERE { <http://dbpedia.org/resource/Bruce_Carver> <http://dbpedia.org/ontology/deathCause> ?uri }|""SELECT DISTINCT ?uri WHERE { <http://dbpedia.org/resource/Bruce_Carver> <http://dbpedia.org/ontology/deathCause> ?uri }""|"
15147,
15148,
15149,"SELECT DISTINCT ?uri WHERE {?uri <http://dbpedia.org/ontology/office> <http://dbpedia.org/resource/Chancellor_of_Germany> . ?uri <https://www.w3.org/1999/02/22-rdf-syntax-ns#type> <http://dbpedia.org/ontology/Person>}|""SELECT DISTINCT ?uri WHERE {?uri <http://dbpedia.org/ontology/office> <http://dbpedia.org/resource/Chancellor_of_Germany> . ?uri <https://www.w3.org/1999/02/22-rdf-syntax-ns#type> <http://dbpedia.org/ontology/Person>}""|""SELECT DISTINCT ?uri WHERE { <http://dbpedia.org/resource/Chancellor_of_Germany> <http://dbpedia.org/ontology/office> ?uri. ?uri <https://www.w3.org/1999/02/22-rdf-syntax-ns#type> <http://dbpedia.org/ontology/Person>}""|""SELECT DISTINCT ?uri WHERE { <http://dbpedia.org/resource/Chancellor_of_Germany> <http://dbpedia.org/ontology/office> ?uri. ?uri <https://www.w3.org/1999/02/22-rdf-syntax-ns#type> <http://dbpedia.org/ontology/Person>}""|"
15150,"SELECT DISTINCT ?uri WHERE { <http://dbpedia.org/resource/Abraham_Lincoln> <http://dbpedia.org/ontology/spouse> ?uri }|""SELECT DISTINCT ?uri WHERE { <http://dbpedia.org/resource/Abraham_Lincoln> <http://dbpedia.org/ontology/spouse> ?uri }""|"
15151,"SELECT DISTINCT ?uri WHERE { <http://dbpedia.org/resource/World_of_Warcraft> <http://dbpedia.org/ontology/developer> ?uri }|""SELECT DISTINCT ?uri WHERE { <http://dbpedia.org/resource/World_of_Warcraft> <http://dbpedia.org/ontology/developer> ?uri }""|"
15152,
15153,"SELECT DISTINCT ?uri WHERE { ?x <http://dbpedia.org/ontology/series> <http://dbpedia.org/resource/The_Sopranos> . ?x <http://dbpedia.org/ontology/seasonNumber> ?uri . }|""SELECT DISTINCT ?uri WHERE { ?x <http://dbpedia.org/ontology/series> <http://dbpedia.org/resource/The_Sopranos> . ?x <http://dbpedia.org/ontology/seasonNumber> ?uri . }""|""SELECT DISTINCT ?uri WHERE { <http://dbpedia.org/resource/The_Sopranos> <http://dbpedia.org/ontology/series> ?x. ?x <http://dbpedia.org/ontology/seasonNumber> ?uri  }""|""SELECT DISTINCT ?uri WHERE { <http://dbpedia.org/resource/The_Sopranos> <http://dbpedia.org/ontology/series> ?x. ?x <http://dbpedia.org/ontology/seasonNumber> ?uri  }""|"
15154,
15155,
15156,"SELECT DISTINCT ?uri WHERE {?uri <http://dbpedia.org/ontology/deathPlace> <http://dbpedia.org/resource/John_F._Kennedy> . ?uri <https://www.w3.org/1999/02/22-rdf-syntax-ns#type> <http://dbpedia.org/ontology/City>}|""SELECT DISTINCT ?uri WHERE {?uri <http://dbpedia.org/ontology/deathPlace> <http://dbpedia.org/resource/John_F._Kennedy> . ?uri <https://www.w3.org/1999/02/22-rdf-syntax-ns#type> <http://dbpedia.org/ontology/City>}""|""SELECT DISTINCT ?uri WHERE { <http://dbpedia.org/resource/John_F._Kennedy> <http://dbpedia.org/ontology/deathPlace> ?uri. ?uri <https://www.w3.org/1999/02/22-rdf-syntax-ns#type> <http://dbpedia.org/ontology/City>}""|""SELECT DISTINCT ?uri WHERE { <http://dbpedia.org/resource/John_F._Kennedy> <http://dbpedia.org/ontology/deathPlace> ?uri. ?uri <https://www.w3.org/1999/02/22-rdf-syntax-ns#type> <http://dbpedia.org/ontology/City>}""|"
15157,
15158,
15159,"SELECT DISTINCT ?uri WHERE { <http://dbpedia.org/resource/Wikipedia> <http://dbpedia.org/ontology/author> ?uri }|""SELECT DISTINCT ?uri WHERE { <http://dbpedia.org/resource/Wikipedia> <http://dbpedia.org/ontology/author> ?uri }""|"
15160,"SELECT DISTINCT ?uri WHERE { <http://dbpedia.org/resource/Last_Action_Hero> <http://dbpedia.org/ontology/starring> ?uri }|""SELECT DISTINCT ?uri WHERE { <http://dbpedia.org/resource/Last_Action_Hero> <http://dbpedia.org/ontology/starring> ?uri }""|"
15161,
15162,
15163,ASK WHERE { <http://dbpedia.org/resource/Velvet_Goldmine> <http://dbpedia.org/ontology/starring> <http://dbpedia.org/resource/Christian_Bale> }|
15164,
15165,
15166,
15167,ASK WHERE { <http://dbpedia.org/resource/Abraham_Lincoln> <http://dbpedia.org/ontology/spouse> ?v1. }|
15168,"SELECT DISTINCT ?uri WHERE {?uri <http://dbpedia.org/ontology/producer> <http://dbpedia.org/resource/Hal_Roach> . ?uri <https://www.w3.org/1999/02/22-rdf-syntax-ns#type> <http://dbpedia.org/ontology/Film>}|""SELECT DISTINCT ?uri WHERE {?uri <http://dbpedia.org/ontology/producer> <http://dbpedia.org/resource/Hal_Roach> . ?uri <https://www.w3.org/1999/02/22-rdf-syntax-ns#type> <http://dbpedia.org/ontology/Film>}""|""SELECT DISTINCT ?uri WHERE { <http://dbpedia.org/resource/Hal_Roach> <http://dbpedia.org/ontology/producer> ?uri. ?uri <https://www.w3.org/1999/02/22-rdf-syntax-ns#type> <http://dbpedia.org/ontology/Film>}""|""SELECT DISTINCT ?uri WHERE { <http://dbpedia.org/resource/Hal_Roach> <http://dbpedia.org/ontology/producer> ?uri. ?uri <https://www.w3.org/1999/02/22-rdf-syntax-ns#type> <http://dbpedia.org/ontology/Film>}""|"
15169,
15170,"SELECT DISTINCT ?uri WHERE { <http://dbpedia.org/resource/Estonia> <http://dbpedia.org/ontology/spokenIn> ?uri }|""SELECT DISTINCT ?uri WHERE { <http://dbpedia.org/resource/Estonia> <http://dbpedia.org/ontology/spokenIn> ?uri }""|"
15171,SELECT (COUNT(DISTINCT ?x) as ?c) WHERE{ <http://dbpedia.org/resource/Aldi> <http://dbpedia.org/ontology/numberOfLocations> ?v1. }|
15172,
15173,
15174,SELECT (COUNT(DISTINCT ?x) as ?c) WHERE{ <http://dbpedia.org/resource/Hal_Roach> <http://dbpedia.org/ontology/producer> ?v1. }|
15175,
15176,"SELECT DISTINCT ?uri WHERE {?uri <http://dbpedia.org/ontology/author> <http://dbpedia.org/resource/Danielle_Steel> . ?uri <https://www.w3.org/1999/02/22-rdf-syntax-ns#type> <http://dbpedia.org/ontology/Book>}|""SELECT DISTINCT ?uri WHERE {?uri <http://dbpedia.org/ontology/author> <http://dbpedia.org/resource/Danielle_Steel> . ?uri <https://www.w3.org/1999/02/22-rdf-syntax-ns#type> <http://dbpedia.org/ontology/Book>}""|""SELECT DISTINCT ?uri WHERE { <http://dbpedia.org/resource/Danielle_Steel> <http://dbpedia.org/ontology/author> ?uri. ?uri <https://www.w3.org/1999/02/22-rdf-syntax-ns#type> <http://dbpedia.org/ontology/Book>}""|""SELECT DISTINCT ?uri WHERE { <http://dbpedia.org/resource/Danielle_Steel> <http://dbpedia.org/ontology/author> ?uri. ?uri <https://www.w3.org/1999/02/22-rdf-syntax-ns#type> <http://dbpedia.org/ontology/Book>}""|"
15177,
15178,
15179,"SELECT DISTINCT ?uri WHERE {?uri <http://dbpedia.org/ontology/genre> <http://dbpedia.org/resource/Grunge> . ?uri <http://dbpedia.org/ontology/country> <http://dbpedia.org/resource/Canada> . ?uri <https://www.w3.org/1999/02/22-rdf-syntax-ns#type> <http://dbpedia.org/ontology/RecordLabel>}|""SELECT DISTINCT ?uri WHERE {?uri <http://dbpedia.org/ontology/genre> <http://dbpedia.org/resource/Grunge> . ?uri <http://dbpedia.org/ontology/country> <http://dbpedia.org/resource/Canada> . ?uri <https://www.w3.org/1999/02/22-rdf-syntax-ns#type> <http://dbpedia.org/ontology/RecordLabel>}""|"
15180,
15181,"SELECT DISTINCT ?uri WHERE { <http://dbpedia.org/resource/GIMP> <http://dbpedia.org/ontology/programmingLanguage> ?uri }|""SELECT DISTINCT ?uri WHERE { <http://dbpedia.org/resource/GIMP> <http://dbpedia.org/ontology/programmingLanguage> ?uri }""|"
15182,"SELECT DISTINCT ?uri WHERE { ?x <http://dbpedia.org/ontology/starring> <http://dbpedia.org/resource/Natalie_Portman> . ?x <http://dbpedia.org/ontology/producer> ?uri . ?x <https://www.w3.org/1999/02/22-rdf-syntax-ns#type> <http://dbpedia.org/ontology/Film>}|""SELECT DISTINCT ?uri WHERE { ?x <http://dbpedia.org/ontology/starring> <http://dbpedia.org/resource/Natalie_Portman> . ?x <http://dbpedia.org/ontology/producer> ?uri . ?x <https://www.w3.org/1999/02/22-rdf-syntax-ns#type> <http://dbpedia.org/ontology/Film>}""|"
15183,"SELECT DISTINCT ?uri WHERE {?uri <http://dbpedia.org/ontology/starring> <http://dbpedia.org/resource/Tom_Cruise> . ?uri <https://www.w3.org/1999/02/22-rdf-syntax-ns#type> <http://dbpedia.org/ontology/Film.>}|""SELECT DISTINCT ?uri WHERE {?uri <http://dbpedia.org/ontology/starring> <http://dbpedia.org/resource/Tom_Cruise> . ?uri <https://www.w3.org/1999/02/22-rdf-syntax-ns#type> <http://dbpedia.org/ontology/Film.>}""|""SELECT DISTINCT ?uri WHERE { <http://dbpedia.org/resource/Tom_Cruise> <http://dbpedia.org/ontology/starring> ?uri. ?uri <https://www.w3.org/1999/02/22-rdf-syntax-ns#type> <http://dbpedia.org/ontology/Film.>}""|""SELECT DISTINCT ?uri WHERE { <http://dbpedia.org/resource/Tom_Cruise> <http://dbpedia.org/ontology/starring> ?uri. ?uri <https://www.w3.org/1999/02/22-rdf-syntax-ns#type> <http://dbpedia.org/ontology/Film.>}""|"
15184,"SELECT DISTINCT ?uri WHERE {?uri <http://dbpedia.org/ontology/starring> <http://dbpedia.org/resource/Julia_Roberts> . ?uri <http://dbpedia.org/ontology/starring> <http://dbpedia.org/resource/Richard_Gere.> . ?uri <https://www.w3.org/1999/02/22-rdf-syntax-ns#type> <http://dbpedia.org/ontology/Film>}|""SELECT DISTINCT ?uri WHERE {?uri <http://dbpedia.org/ontology/starring> <http://dbpedia.org/resource/Julia_Roberts> . ?uri <http://dbpedia.org/ontology/starring> <http://dbpedia.org/resource/Richard_Gere.> . ?uri <https://www.w3.org/1999/02/22-rdf-syntax-ns#type> <http://dbpedia.org/ontology/Film>}""|"
15185,
15186,"SELECT DISTINCT ?uri WHERE { <http://dbpedia.org/resource/The_Pillars_of_the_Earth> <http://dbpedia.org/ontology/author> ?uri }|""SELECT DISTINCT ?uri WHERE { <http://dbpedia.org/resource/The_Pillars_of_the_Earth> <http://dbpedia.org/ontology/author> ?uri }""|"
15187,"SELECT DISTINCT ?uri WHERE {?uri <http://dbpedia.org/ontology/starring> <http://dbpedia.org/resource/Leonardo_DiCaprio> . ?uri <https://www.w3.org/1999/02/22-rdf-syntax-ns#type> <http://dbpedia.org/ontology/Film>}|""SELECT DISTINCT ?uri WHERE {?uri <http://dbpedia.org/ontology/starring> <http://dbpedia.org/resource/Leonardo_DiCaprio> . ?uri <https://www.w3.org/1999/02/22-rdf-syntax-ns#type> <http://dbpedia.org/ontology/Film>}""|""SELECT DISTINCT ?uri WHERE { <http://dbpedia.org/resource/Leonardo_DiCaprio> <http://dbpedia.org/ontology/starring> ?uri. ?uri <https://www.w3.org/1999/02/22-rdf-syntax-ns#type> <http://dbpedia.org/ontology/Film>}""|""SELECT DISTINCT ?uri WHERE { <http://dbpedia.org/resource/Leonardo_DiCaprio> <http://dbpedia.org/ontology/starring> ?uri. ?uri <https://www.w3.org/1999/02/22-rdf-syntax-ns#type> <http://dbpedia.org/ontology/Film>}""|"
15188,"SELECT DISTINCT ?uri WHERE {?uri <http://dbpedia.org/ontology/league> <http://dbpedia.org/resource/Premier_League> . ?uri <https://www.w3.org/1999/02/22-rdf-syntax-ns#type> <http://dbpedia.org/ontology/SoccerClub>}|""SELECT DISTINCT ?uri WHERE {?uri <http://dbpedia.org/ontology/league> <http://dbpedia.org/resource/Premier_League> . ?uri <https://www.w3.org/1999/02/22-rdf-syntax-ns#type> <http://dbpedia.org/ontology/SoccerClub>}""|""SELECT DISTINCT ?uri WHERE { <http://dbpedia.org/resource/Premier_League> <http://dbpedia.org/ontology/league> ?uri. ?uri <https://www.w3.org/1999/02/22-rdf-syntax-ns#type> <http://dbpedia.org/ontology/SoccerClub>}""|""SELECT DISTINCT ?uri WHERE { <http://dbpedia.org/resource/Premier_League> <http://dbpedia.org/ontology/league> ?uri. ?uri <https://www.w3.org/1999/02/22-rdf-syntax-ns#type> <http://dbpedia.org/ontology/SoccerClub>}""|"
15189,
15190,"SELECT DISTINCT ?uri WHERE { <http://dbpedia.org/resource/Capcom> <http://dbpedia.org/ontology/foundingDate> ?uri }|""SELECT DISTINCT ?uri WHERE { <http://dbpedia.org/resource/Capcom> <http://dbpedia.org/ontology/foundingDate> ?uri }""|"
15191,
15192,
15193,
15194,
15195,
15196,
15197,
15198,
15199,
15200,"SELECT (COUNT(DISTINCT ?x) as ?c) WHERE { ?x <http://dbpedia.org/ontology/largestCity> <http://dbpedia.org/resource/Canada> . ?x <http://dbpedia.org/ontology/populationTotal> ?uri . }|""SELECT (COUNT(DISTINCT ?x) as ?c) WHERE { <http://dbpedia.org/resource/Canada> <http://dbpedia.org/ontology/largestCity> ?x. ?x <http://dbpedia.org/ontology/populationTotal> ?uri  }""|"
15201,
15202,"SELECT DISTINCT ?uri WHERE { <http://dbpedia.org/resource/Mount_Everest> <http://dbpedia.org/ontology/firstAscentPerson> ?uri }|""SELECT DISTINCT ?uri WHERE { <http://dbpedia.org/resource/Mount_Everest> <http://dbpedia.org/ontology/firstAscentPerson> ?uri }""|"
15203,
15204,"SELECT DISTINCT ?uri WHERE { <http://dbpedia.org/resource/University_of_Oxford> <http://dbpedia.org/ontology/officialSchoolColour> ?uri }|""SELECT DISTINCT ?uri WHERE { <http://dbpedia.org/resource/University_of_Oxford> <http://dbpedia.org/ontology/officialSchoolColour> ?uri }""|"
15205,
15206,"SELECT DISTINCT ?uri WHERE { ?x <http://dbpedia.org/ontology/author> <http://dbpedia.org/resource/The_Three_Dancers> . ?x <http://dbpedia.org/ontology/movement> ?uri . }|""SELECT DISTINCT ?uri WHERE { ?x <http://dbpedia.org/ontology/author> <http://dbpedia.org/resource/The_Three_Dancers> . ?x <http://dbpedia.org/ontology/movement> ?uri . }""|""SELECT DISTINCT ?uri WHERE { <http://dbpedia.org/resource/The_Three_Dancers> <http://dbpedia.org/ontology/author> ?x. ?x <http://dbpedia.org/ontology/movement> ?uri  }""|""SELECT DISTINCT ?uri WHERE { <http://dbpedia.org/resource/The_Three_Dancers> <http://dbpedia.org/ontology/author> ?x. ?x <http://dbpedia.org/ontology/movement> ?uri  }""|"
15207,
15208,ASK WHERE { <http://dbpedia.org/resource/Abraham_Lincoln> <http://dbpedia.org/ontology/deathPlace> ?v1. }|
15209,"SELECT DISTINCT ?uri WHERE { <<http://dbpedia.org/resource/Lake_Placid_(Texas)>> <http://dbpedia.org/ontology/depth> ?uri }|""SELECT DISTINCT ?uri WHERE { <<http://dbpedia.org/resource/Lake_Placid_(Texas)>> <http://dbpedia.org/ontology/depth> ?uri }""|"
15210,"SELECT DISTINCT ?uri WHERE { ?x <http://dbpedia.org/ontology/child> <http://dbpedia.org/resource/Bruce_Lee> . ?x <http://dbpedia.org/ontology/child> ?uri . }|""SELECT DISTINCT ?uri WHERE { ?x <http://dbpedia.org/ontology/child> <http://dbpedia.org/resource/Bruce_Lee> . ?x <http://dbpedia.org/ontology/child> ?uri . }""|""SELECT DISTINCT ?uri WHERE { <http://dbpedia.org/resource/Bruce_Lee> <http://dbpedia.org/ontology/child> ?x. ?x <http://dbpedia.org/ontology/child> ?uri  }""|""SELECT DISTINCT ?uri WHERE { <http://dbpedia.org/resource/Bruce_Lee> <http://dbpedia.org/ontology/child> ?x. ?x <http://dbpedia.org/ontology/child> ?uri  }""|"
15211,
15212,"SELECT DISTINCT ?uri WHERE { <http://dbpedia.org/resource/Johann_Sebastian_Bach> <http://dbpedia.org/ontology/birthPlace> ?uri }|""SELECT DISTINCT ?uri WHERE { <http://dbpedia.org/resource/Johann_Sebastian_Bach> <http://dbpedia.org/ontology/birthPlace> ?uri }""|"
15213,"SELECT DISTINCT ?uri WHERE { <http://dbpedia.org/resource/West_African_CFA_franc> <http://dbpedia.org/ontology/currency> ?uri }|""SELECT DISTINCT ?uri WHERE { <http://dbpedia.org/resource/West_African_CFA_franc> <http://dbpedia.org/ontology/currency> ?uri }""|"
15214,
15215,
15216,"SELECT DISTINCT ?uri WHERE {?uri <http://dbpedia.org/ontology/inflow> <http://dbpedia.org/resource/Isar> . ?uri <https://www.w3.org/1999/02/22-rdf-syntax-ns#type> <http://dbpedia.org/ontology/Lake>}|""SELECT DISTINCT ?uri WHERE {?uri <http://dbpedia.org/ontology/inflow> <http://dbpedia.org/resource/Isar> . ?uri <https://www.w3.org/1999/02/22-rdf-syntax-ns#type> <http://dbpedia.org/ontology/Lake>}""|""SELECT DISTINCT ?uri WHERE { <http://dbpedia.org/resource/Isar> <http://dbpedia.org/ontology/inflow> ?uri. ?uri <https://www.w3.org/1999/02/22-rdf-syntax-ns#type> <http://dbpedia.org/ontology/Lake>}""|""SELECT DISTINCT ?uri WHERE { <http://dbpedia.org/resource/Isar> <http://dbpedia.org/ontology/inflow> ?uri. ?uri <https://www.w3.org/1999/02/22-rdf-syntax-ns#type> <http://dbpedia.org/ontology/Lake>}""|"
15217,"SELECT DISTINCT ?uri WHERE { ?x <http://dbpedia.org/ontology/director> <http://dbpedia.org/resource/Steven_Spielberg> . ?x <http://dbpedia.org/ontology/budget> ?uri . ?x <https://www.w3.org/1999/02/22-rdf-syntax-ns#type> <http://dbpedia.org/ontology/Film>}|""SELECT DISTINCT ?uri WHERE { ?x <http://dbpedia.org/ontology/director> <http://dbpedia.org/resource/Steven_Spielberg> . ?x <http://dbpedia.org/ontology/budget> ?uri . ?x <https://www.w3.org/1999/02/22-rdf-syntax-ns#type> <http://dbpedia.org/ontology/Film>}""|"
15218,"SELECT DISTINCT ?uri WHERE {?uri <http://dbpedia.org/ontology/award> <http://dbpedia.org/resource/Nobel_Prize_in_Literature> . ?uri <https://www.w3.org/1999/02/22-rdf-syntax-ns#type> <http://dbpedia.org/ontology/Writer>}|""SELECT DISTINCT ?uri WHERE {?uri <http://dbpedia.org/ontology/award> <http://dbpedia.org/resource/Nobel_Prize_in_Literature> . ?uri <https://www.w3.org/1999/02/22-rdf-syntax-ns#type> <http://dbpedia.org/ontology/Writer>}""|""SELECT DISTINCT ?uri WHERE { <http://dbpedia.org/resource/Nobel_Prize_in_Literature> <http://dbpedia.org/ontology/award> ?uri. ?uri <https://www.w3.org/1999/02/22-rdf-syntax-ns#type> <http://dbpedia.org/ontology/Writer>}""|""SELECT DISTINCT ?uri WHERE { <http://dbpedia.org/resource/Nobel_Prize_in_Literature> <http://dbpedia.org/ontology/award> ?uri. ?uri <https://www.w3.org/1999/02/22-rdf-syntax-ns#type> <http://dbpedia.org/ontology/Writer>}""|"
15219,"SELECT DISTINCT ?uri WHERE {?uri <http://dbpedia.org/ontology/nationality> <http://dbpedia.org/resource/China> . ?uri <https://www.w3.org/1999/02/22-rdf-syntax-ns#type> <http://dbpedia.org/ontology/Astronaut>}|""SELECT DISTINCT ?uri WHERE {?uri <http://dbpedia.org/ontology/nationality> <http://dbpedia.org/resource/China> . ?uri <https://www.w3.org/1999/02/22-rdf-syntax-ns#type> <http://dbpedia.org/ontology/Astronaut>}""|""SELECT DISTINCT ?uri WHERE { <http://dbpedia.org/resource/China> <http://dbpedia.org/ontology/nationality> ?uri. ?uri <https://www.w3.org/1999/02/22-rdf-syntax-ns#type> <http://dbpedia.org/ontology/Astronaut>}""|""SELECT DISTINCT ?uri WHERE { <http://dbpedia.org/resource/China> <http://dbpedia.org/ontology/nationality> ?uri. ?uri <https://www.w3.org/1999/02/22-rdf-syntax-ns#type> <http://dbpedia.org/ontology/Astronaut>}""|"
15220,SELECT (COUNT(DISTINCT ?x) as ?c) WHERE{ <http://dbpedia.org/resource/War_and_Peace> <http://dbpedia.org/ontology/numberOfPages> ?v1. }|
15221,
15222,
15223,"SELECT DISTINCT ?uri WHERE { ?x <http://dbpedia.org/ontology/team> <http://dbpedia.org/resource/Atlanta_Falcons> . ?x <http://dbpedia.org/ontology/height> ?uri . }|""SELECT DISTINCT ?uri WHERE { ?x <http://dbpedia.org/ontology/team> <http://dbpedia.org/resource/Atlanta_Falcons> . ?x <http://dbpedia.org/ontology/height> ?uri . }""|""SELECT DISTINCT ?uri WHERE { <http://dbpedia.org/resource/Atlanta_Falcons> <http://dbpedia.org/ontology/team> ?x. ?x <http://dbpedia.org/ontology/height> ?uri  }""|""SELECT DISTINCT ?uri WHERE { <http://dbpedia.org/resource/Atlanta_Falcons> <http://dbpedia.org/ontology/team> ?x. ?x <http://dbpedia.org/ontology/height> ?uri  }""|"
15224,
15225,
15226,"SELECT DISTINCT ?uri WHERE {?uri <http://dbpedia.org/ontology/launchSite> <http://dbpedia.org/resource/Baikonur_Cosmodrome> . ?uri <https://www.w3.org/1999/02/22-rdf-syntax-ns#type> <http://dbpedia.org/ontology/Rocket>}|""SELECT DISTINCT ?uri WHERE {?uri <http://dbpedia.org/ontology/launchSite> <http://dbpedia.org/resource/Baikonur_Cosmodrome> . ?uri <https://www.w3.org/1999/02/22-rdf-syntax-ns#type> <http://dbpedia.org/ontology/Rocket>}""|""SELECT DISTINCT ?uri WHERE { <http://dbpedia.org/resource/Baikonur_Cosmodrome> <http://dbpedia.org/ontology/launchSite> ?uri. ?uri <https://www.w3.org/1999/02/22-rdf-syntax-ns#type> <http://dbpedia.org/ontology/Rocket>}""|""SELECT DISTINCT ?uri WHERE { <http://dbpedia.org/resource/Baikonur_Cosmodrome> <http://dbpedia.org/ontology/launchSite> ?uri. ?uri <https://www.w3.org/1999/02/22-rdf-syntax-ns#type> <http://dbpedia.org/ontology/Rocket>}""|"
15227,
15228,"SELECT DISTINCT ?uri WHERE {?uri <http://dbpedia.org/ontology/country> <http://dbpedia.org/resource/Netherlands> . ?uri <https://www.w3.org/1999/02/22-rdf-syntax-ns#type> <http://dbpedia.org/ontology/PoliticalParty>}|""SELECT DISTINCT ?uri WHERE {?uri <http://dbpedia.org/ontology/country> <http://dbpedia.org/resource/Netherlands> . ?uri <https://www.w3.org/1999/02/22-rdf-syntax-ns#type> <http://dbpedia.org/ontology/PoliticalParty>}""|""SELECT DISTINCT ?uri WHERE { <http://dbpedia.org/resource/Netherlands> <http://dbpedia.org/ontology/country> ?uri. ?uri <https://www.w3.org/1999/02/22-rdf-syntax-ns#type> <http://dbpedia.org/ontology/PoliticalParty>}""|""SELECT DISTINCT ?uri WHERE { <http://dbpedia.org/resource/Netherlands> <http://dbpedia.org/ontology/country> ?uri. ?uri <https://www.w3.org/1999/02/22-rdf-syntax-ns#type> <http://dbpedia.org/ontology/PoliticalParty>}""|"
15229,
15230,"SELECT DISTINCT ?uri WHERE { ?uri <http://dbpedia.org/ontology/field> <http://dbpedia.org/resource/Oceanography> . ?uri <http://dbpedia.org/ontology/birthPlace> <http://dbpedia.org/resource/Sweden> . }|""SELECT DISTINCT ?uri WHERE { ?uri <http://dbpedia.org/ontology/field> <http://dbpedia.org/resource/Oceanography> . ?uri <http://dbpedia.org/ontology/birthPlace> <http://dbpedia.org/resource/Sweden> . }""|"
15231,"SELECT DISTINCT ?uri WHERE {?uri <http://dbpedia.org/ontology/birthPlace> <http://dbpedia.org/resource/Berlin> . ?uri <https://www.w3.org/1999/02/22-rdf-syntax-ns#type> <http://dbpedia.org/ontology/Actor>}|""SELECT DISTINCT ?uri WHERE {?uri <http://dbpedia.org/ontology/birthPlace> <http://dbpedia.org/resource/Berlin> . ?uri <https://www.w3.org/1999/02/22-rdf-syntax-ns#type> <http://dbpedia.org/ontology/Actor>}""|""SELECT DISTINCT ?uri WHERE { <http://dbpedia.org/resource/Berlin> <http://dbpedia.org/ontology/birthPlace> ?uri. ?uri <https://www.w3.org/1999/02/22-rdf-syntax-ns#type> <http://dbpedia.org/ontology/Actor>}""|""SELECT DISTINCT ?uri WHERE { <http://dbpedia.org/resource/Berlin> <http://dbpedia.org/ontology/birthPlace> ?uri. ?uri <https://www.w3.org/1999/02/22-rdf-syntax-ns#type> <http://dbpedia.org/ontology/Actor>}""|"
15232,"SELECT DISTINCT ?uri WHERE { ?x <http://dbpedia.org/ontology/starring> <http://dbpedia.org/resource/Alec_Guinness> . ?x <http://dbpedia.org/ontology/releaseDate> ?uri . ?x <https://www.w3.org/1999/02/22-rdf-syntax-ns#type> <http://dbpedia.org/ontology/Film>}|""SELECT DISTINCT ?uri WHERE { ?x <http://dbpedia.org/ontology/starring> <http://dbpedia.org/resource/Alec_Guinness> . ?x <http://dbpedia.org/ontology/releaseDate> ?uri . ?x <https://www.w3.org/1999/02/22-rdf-syntax-ns#type> <http://dbpedia.org/ontology/Film>}""|"
15233,"SELECT DISTINCT ?uri WHERE { ?x <http://dbpedia.org/ontology/occupation> <http://dbpedia.org/resource/Poet> . ?x <http://dbpedia.org/ontology/author> ?uri . ?x <https://www.w3.org/1999/02/22-rdf-syntax-ns#type> <http://dbpedia.org/ontology/Book>}|""SELECT DISTINCT ?uri WHERE { ?x <http://dbpedia.org/ontology/occupation> <http://dbpedia.org/resource/Poet> . ?x <http://dbpedia.org/ontology/author> ?uri . ?x <https://www.w3.org/1999/02/22-rdf-syntax-ns#type> <http://dbpedia.org/ontology/Book>}""|"
15234,"SELECT DISTINCT ?uri WHERE {?uri <http://dbpedia.org/ontology/language> <http://dbpedia.org/resource/Colombia> . ?uri <https://www.w3.org/1999/02/22-rdf-syntax-ns#type> <http://dbpedia.org/ontology/Language>}|""SELECT DISTINCT ?uri WHERE {?uri <http://dbpedia.org/ontology/language> <http://dbpedia.org/resource/Colombia> . ?uri <https://www.w3.org/1999/02/22-rdf-syntax-ns#type> <http://dbpedia.org/ontology/Language>}""|""SELECT DISTINCT ?uri WHERE { <http://dbpedia.org/resource/Colombia> <http://dbpedia.org/ontology/language> ?uri. ?uri <https://www.w3.org/1999/02/22-rdf-syntax-ns#type> <http://dbpedia.org/ontology/Language>}""|""SELECT DISTINCT ?uri WHERE { <http://dbpedia.org/resource/Colombia> <http://dbpedia.org/ontology/language> ?uri. ?uri <https://www.w3.org/1999/02/22-rdf-syntax-ns#type> <http://dbpedia.org/ontology/Language>}""|"
15235,
15236,
15237,
15238,
15239,"SELECT DISTINCT ?uri WHERE { <http://dbpedia.org/resource/Carrot_cake> <http://dbpedia.org/ontology/ingredient> ?uri }|""SELECT DISTINCT ?uri WHERE { <http://dbpedia.org/resource/Carrot_cake> <http://dbpedia.org/ontology/ingredient> ?uri }""|"
15240,
15241,"SELECT DISTINCT ?uri WHERE { <http://dbpedia.org/resource/Tom_Cruise.> <http://dbpedia.org/ontology/spouse> ?uri }|""SELECT DISTINCT ?uri WHERE { <http://dbpedia.org/resource/Tom_Cruise.> <http://dbpedia.org/ontology/spouse> ?uri }""|"
15242,"SELECT DISTINCT ?uri WHERE { ?x <http://dbpedia.org/ontology/director> <http://dbpedia.org/resource/Tim_Burton> . ?x <http://dbpedia.org/ontology/budget> ?uri . }|""SELECT DISTINCT ?uri WHERE { ?x <http://dbpedia.org/ontology/director> <http://dbpedia.org/resource/Tim_Burton> . ?x <http://dbpedia.org/ontology/budget> ?uri . }""|""SELECT DISTINCT ?uri WHERE { <http://dbpedia.org/resource/Tim_Burton> <http://dbpedia.org/ontology/director> ?x. ?x <http://dbpedia.org/ontology/budget> ?uri  }""|""SELECT DISTINCT ?uri WHERE { <http://dbpedia.org/resource/Tim_Burton> <http://dbpedia.org/ontology/director> ?x. ?x <http://dbpedia.org/ontology/budget> ?uri  }""|"
15243,
15244,
15245,ASK WHERE { <http://dbpedia.org/resource/James_Bond> <http://dbpedia.org/ontology/spouse> ?v1. }|
15246,
15247,"SELECT DISTINCT ?uri WHERE { ?x <http://dbpedia.org/ontology/birthPlace> <http://dbpedia.org/resource/Paris> . ?x <http://dbpedia.org/ontology/birthDate> ?uri . ?x <https://www.w3.org/1999/02/22-rdf-syntax-ns#type> <http://dbpedia.org/ontology/Actor>}|""SELECT DISTINCT ?uri WHERE { ?x <http://dbpedia.org/ontology/birthPlace> <http://dbpedia.org/resource/Paris> . ?x <http://dbpedia.org/ontology/birthDate> ?uri . ?x <https://www.w3.org/1999/02/22-rdf-syntax-ns#type> <http://dbpedia.org/ontology/Actor>}""|"
15248,
15249,
15250,
15251,"SELECT DISTINCT ?uri WHERE {?uri <http://dbpedia.org/ontology/birthPlace> <http://dbpedia.org/resource/Moscow> . ?uri <https://www.w3.org/1999/02/22-rdf-syntax-ns#type> <http://dbpedia.org/ontology/Swimmer>}|""SELECT DISTINCT ?uri WHERE {?uri <http://dbpedia.org/ontology/birthPlace> <http://dbpedia.org/resource/Moscow> . ?uri <https://www.w3.org/1999/02/22-rdf-syntax-ns#type> <http://dbpedia.org/ontology/Swimmer>}""|""SELECT DISTINCT ?uri WHERE { <http://dbpedia.org/resource/Moscow> <http://dbpedia.org/ontology/birthPlace> ?uri. ?uri <https://www.w3.org/1999/02/22-rdf-syntax-ns#type> <http://dbpedia.org/ontology/Swimmer>}""|""SELECT DISTINCT ?uri WHERE { <http://dbpedia.org/resource/Moscow> <http://dbpedia.org/ontology/birthPlace> ?uri. ?uri <https://www.w3.org/1999/02/22-rdf-syntax-ns#type> <http://dbpedia.org/ontology/Swimmer>}""|"
15252,
15253,"SELECT DISTINCT ?uri WHERE {?uri <http://dbpedia.org/ontology/author> <http://dbpedia.org/resource/Muhammad_Ali> . ?uri <https://www.w3.org/1999/02/22-rdf-syntax-ns#type> <http://dbpedia.org/ontology/Book>}|""SELECT DISTINCT ?uri WHERE {?uri <http://dbpedia.org/ontology/author> <http://dbpedia.org/resource/Muhammad_Ali> . ?uri <https://www.w3.org/1999/02/22-rdf-syntax-ns#type> <http://dbpedia.org/ontology/Book>}""|""SELECT DISTINCT ?uri WHERE { <http://dbpedia.org/resource/Muhammad_Ali> <http://dbpedia.org/ontology/author> ?uri. ?uri <https://www.w3.org/1999/02/22-rdf-syntax-ns#type> <http://dbpedia.org/ontology/Book>}""|""SELECT DISTINCT ?uri WHERE { <http://dbpedia.org/resource/Muhammad_Ali> <http://dbpedia.org/ontology/author> ?uri. ?uri <https://www.w3.org/1999/02/22-rdf-syntax-ns#type> <http://dbpedia.org/ontology/Book>}""|"
15254,"SELECT DISTINCT ?uri WHERE {?uri <http://dbpedia.org/ontology/location> <http://dbpedia.org/resource/Paris> . ?uri <https://www.w3.org/1999/02/22-rdf-syntax-ns#type> <http://dbpedia.org/ontology/Museum>}|""SELECT DISTINCT ?uri WHERE {?uri <http://dbpedia.org/ontology/location> <http://dbpedia.org/resource/Paris> . ?uri <https://www.w3.org/1999/02/22-rdf-syntax-ns#type> <http://dbpedia.org/ontology/Museum>}""|""SELECT DISTINCT ?uri WHERE { <http://dbpedia.org/resource/Paris> <http://dbpedia.org/ontology/location> ?uri. ?uri <https://www.w3.org/1999/02/22-rdf-syntax-ns#type> <http://dbpedia.org/ontology/Museum>}""|""SELECT DISTINCT ?uri WHERE { <http://dbpedia.org/resource/Paris> <http://dbpedia.org/ontology/location> ?uri. ?uri <https://www.w3.org/1999/02/22-rdf-syntax-ns#type> <http://dbpedia.org/ontology/Museum>}""|"
15255,
15256,
15257,"SELECT DISTINCT ?uri WHERE {?uri <http://dbpedia.org/ontology/starring> <http://dbpedia.org/resource/Neil_Patrick_Harris> . ?uri <https://www.w3.org/1999/02/22-rdf-syntax-ns#type> <http://dbpedia.org/ontology/TelevisionShow>}|""SELECT DISTINCT ?uri WHERE {?uri <http://dbpedia.org/ontology/starring> <http://dbpedia.org/resource/Neil_Patrick_Harris> . ?uri <https://www.w3.org/1999/02/22-rdf-syntax-ns#type> <http://dbpedia.org/ontology/TelevisionShow>}""|""SELECT DISTINCT ?uri WHERE { <http://dbpedia.org/resource/Neil_Patrick_Harris> <http://dbpedia.org/ontology/starring> ?uri. ?uri <https://www.w3.org/1999/02/22-rdf-syntax-ns#type> <http://dbpedia.org/ontology/TelevisionShow>}""|""SELECT DISTINCT ?uri WHERE { <http://dbpedia.org/resource/Neil_Patrick_Harris> <http://dbpedia.org/ontology/starring> ?uri. ?uri <https://www.w3.org/1999/02/22-rdf-syntax-ns#type> <http://dbpedia.org/ontology/TelevisionShow>}""|"
15258,"SELECT DISTINCT ?uri WHERE { <http://dbpedia.org/resource/The_Hunger_Games> <http://dbpedia.org/ontology/author> ?uri }|""SELECT DISTINCT ?uri WHERE { <http://dbpedia.org/resource/The_Hunger_Games> <http://dbpedia.org/ontology/author> ?uri }""|"
15259,"SELECT DISTINCT ?uri WHERE {?uri <http://dbpedia.org/ontology/league> <http://dbpedia.org/resource/Bundesliga> . ?uri <https://www.w3.org/1999/02/22-rdf-syntax-ns#type> <http://dbpedia.org/ontology/SoccerClub>}|""SELECT DISTINCT ?uri WHERE {?uri <http://dbpedia.org/ontology/league> <http://dbpedia.org/resource/Bundesliga> . ?uri <https://www.w3.org/1999/02/22-rdf-syntax-ns#type> <http://dbpedia.org/ontology/SoccerClub>}""|""SELECT DISTINCT ?uri WHERE { <http://dbpedia.org/resource/Bundesliga> <http://dbpedia.org/ontology/league> ?uri. ?uri <https://www.w3.org/1999/02/22-rdf-syntax-ns#type> <http://dbpedia.org/ontology/SoccerClub>}""|""SELECT DISTINCT ?uri WHERE { <http://dbpedia.org/resource/Bundesliga> <http://dbpedia.org/ontology/league> ?uri. ?uri <https://www.w3.org/1999/02/22-rdf-syntax-ns#type> <http://dbpedia.org/ontology/SoccerClub>}""|"
15260,
15261,"SELECT DISTINCT ?uri WHERE { <http://dbpedia.org/resource/Penguin_Books> <http://dbpedia.org/ontology/founder> ?uri }|""SELECT DISTINCT ?uri WHERE { <http://dbpedia.org/resource/Penguin_Books> <http://dbpedia.org/ontology/founder> ?uri }""|"
15262,"SELECT DISTINCT ?uri WHERE {?uri <http://dbpedia.org/ontology/influenced> <http://dbpedia.org/resource/JavaScript> . ?uri <https://www.w3.org/1999/02/22-rdf-syntax-ns#type> <http://dbpedia.org/ontology/ProgrammingLanguage>}|""SELECT DISTINCT ?uri WHERE {?uri <http://dbpedia.org/ontology/influenced> <http://dbpedia.org/resource/JavaScript> . ?uri <https://www.w3.org/1999/02/22-rdf-syntax-ns#type> <http://dbpedia.org/ontology/ProgrammingLanguage>}""|""SELECT DISTINCT ?uri WHERE { <http://dbpedia.org/resource/JavaScript> <http://dbpedia.org/ontology/influenced> ?uri. ?uri <https://www.w3.org/1999/02/22-rdf-syntax-ns#type> <http://dbpedia.org/ontology/ProgrammingLanguage>}""|""SELECT DISTINCT ?uri WHERE { <http://dbpedia.org/resource/JavaScript> <http://dbpedia.org/ontology/influenced> ?uri. ?uri <https://www.w3.org/1999/02/22-rdf-syntax-ns#type> <http://dbpedia.org/ontology/ProgrammingLanguage>}""|"
15263,ASK WHERE { <http://dbpedia.org/resource/Che_Guevara> <http://dbpedia.org/ontology/child> ?v1. }|
15264,"SELECT DISTINCT ?uri WHERE {?uri <http://dbpedia.org/ontology/musicBy> <http://dbpedia.org/resource/Elton_John> . ?uri <https://www.w3.org/1999/02/22-rdf-syntax-ns#type> <http://dbpedia.org/ontology/Musical>}|""SELECT DISTINCT ?uri WHERE {?uri <http://dbpedia.org/ontology/musicBy> <http://dbpedia.org/resource/Elton_John> . ?uri <https://www.w3.org/1999/02/22-rdf-syntax-ns#type> <http://dbpedia.org/ontology/Musical>}""|""SELECT DISTINCT ?uri WHERE { <http://dbpedia.org/resource/Elton_John> <http://dbpedia.org/ontology/musicBy> ?uri. ?uri <https://www.w3.org/1999/02/22-rdf-syntax-ns#type> <http://dbpedia.org/ontology/Musical>}""|""SELECT DISTINCT ?uri WHERE { <http://dbpedia.org/resource/Elton_John> <http://dbpedia.org/ontology/musicBy> ?uri. ?uri <https://www.w3.org/1999/02/22-rdf-syntax-ns#type> <http://dbpedia.org/ontology/Musical>}""|"
15265,
15266,"SELECT DISTINCT ?uri WHERE { <http://dbpedia.org/resource/RMS_Titanic> <http://dbpedia.org/ontology/completionDate> ?uri }|""SELECT DISTINCT ?uri WHERE { <http://dbpedia.org/resource/RMS_Titanic> <http://dbpedia.org/ontology/completionDate> ?uri }""|"
15267,"SELECT DISTINCT ?uri WHERE { <http://dbpedia.org/resource/Pulp_Fiction> <http://dbpedia.org/ontology/budget> ?uri }|""SELECT DISTINCT ?uri WHERE { <http://dbpedia.org/resource/Pulp_Fiction> <http://dbpedia.org/ontology/budget> ?uri }""|"
15268,
15269,
15270,
15271,
15272,"SELECT DISTINCT ?uri WHERE {?uri <http://dbpedia.org/ontology/crosses> <http://dbpedia.org/resource/Seine> . ?uri <https://www.w3.org/1999/02/22-rdf-syntax-ns#type> <http://dbpedia.org/ontology/Bridge>}|""SELECT DISTINCT ?uri WHERE {?uri <http://dbpedia.org/ontology/crosses> <http://dbpedia.org/resource/Seine> . ?uri <https://www.w3.org/1999/02/22-rdf-syntax-ns#type> <http://dbpedia.org/ontology/Bridge>}""|""SELECT DISTINCT ?uri WHERE { <http://dbpedia.org/resource/Seine> <http://dbpedia.org/ontology/crosses> ?uri. ?uri <https://www.w3.org/1999/02/22-rdf-syntax-ns#type> <http://dbpedia.org/ontology/Bridge>}""|""SELECT DISTINCT ?uri WHERE { <http://dbpedia.org/resource/Seine> <http://dbpedia.org/ontology/crosses> ?uri. ?uri <https://www.w3.org/1999/02/22-rdf-syntax-ns#type> <http://dbpedia.org/ontology/Bridge>}""|"
15273,"SELECT DISTINCT ?uri WHERE { ?x <http://dbpedia.org/ontology/capital> <http://dbpedia.org/resource/French_Polynesia> . ?x <http://dbpedia.org/ontology/mayor> ?uri . }|""SELECT DISTINCT ?uri WHERE { ?x <http://dbpedia.org/ontology/capital> <http://dbpedia.org/resource/French_Polynesia> . ?x <http://dbpedia.org/ontology/mayor> ?uri . }""|""SELECT DISTINCT ?uri WHERE { <http://dbpedia.org/resource/French_Polynesia> <http://dbpedia.org/ontology/capital> ?x. ?x <http://dbpedia.org/ontology/mayor> ?uri  }""|""SELECT DISTINCT ?uri WHERE { <http://dbpedia.org/resource/French_Polynesia> <http://dbpedia.org/ontology/capital> ?x. ?x <http://dbpedia.org/ontology/mayor> ?uri  }""|"
15274,"SELECT DISTINCT ?uri WHERE { ?x <http://dbpedia.org/ontology/creator> <http://dbpedia.org/resource/Count_Dracula> . ?x <http://dbpedia.org/ontology/deathDate> ?uri . }|""SELECT DISTINCT ?uri WHERE { ?x <http://dbpedia.org/ontology/creator> <http://dbpedia.org/resource/Count_Dracula> . ?x <http://dbpedia.org/ontology/deathDate> ?uri . }""|""SELECT DISTINCT ?uri WHERE { <http://dbpedia.org/resource/Count_Dracula> <http://dbpedia.org/ontology/creator> ?x. ?x <http://dbpedia.org/ontology/deathDate> ?uri  }""|""SELECT DISTINCT ?uri WHERE { <http://dbpedia.org/resource/Count_Dracula> <http://dbpedia.org/ontology/creator> ?x. ?x <http://dbpedia.org/ontology/deathDate> ?uri  }""|"
15275,"SELECT DISTINCT ?uri WHERE { <http://dbpedia.org/resource/Palace_of_Westminster> <http://dbpedia.org/ontology/location> ?uri }|""SELECT DISTINCT ?uri WHERE { <http://dbpedia.org/resource/Palace_of_Westminster> <http://dbpedia.org/ontology/location> ?uri }""|"
15276,"SELECT DISTINCT ?uri WHERE {?uri <http://dbpedia.org/ontology/architecturalStyle> <http://dbpedia.org/resource/English_Gothic_architecture> . ?uri <http://dbpedia.org/ontology/location> <http://dbpedia.org/resource/Kent> . ?uri <https://www.w3.org/1999/02/22-rdf-syntax-ns#type> <http://dbpedia.org/ontology/Building>}|""SELECT DISTINCT ?uri WHERE {?uri <http://dbpedia.org/ontology/architecturalStyle> <http://dbpedia.org/resource/English_Gothic_architecture> . ?uri <http://dbpedia.org/ontology/location> <http://dbpedia.org/resource/Kent> . ?uri <https://www.w3.org/1999/02/22-rdf-syntax-ns#type> <http://dbpedia.org/ontology/Building>}""|"
15277,"SELECT DISTINCT ?uri WHERE {?uri <http://dbpedia.org/ontology/foundedBy> <http://dbpedia.org/resource/Vatican_Television_Center> . ?uri <https://www.w3.org/1999/02/22-rdf-syntax-ns#type> <http://dbpedia.org/ontology/Pope>}|""SELECT DISTINCT ?uri WHERE {?uri <http://dbpedia.org/ontology/foundedBy> <http://dbpedia.org/resource/Vatican_Television_Center> . ?uri <https://www.w3.org/1999/02/22-rdf-syntax-ns#type> <http://dbpedia.org/ontology/Pope>}""|""SELECT DISTINCT ?uri WHERE { <http://dbpedia.org/resource/Vatican_Television_Center> <http://dbpedia.org/ontology/foundedBy> ?uri. ?uri <https://www.w3.org/1999/02/22-rdf-syntax-ns#type> <http://dbpedia.org/ontology/Pope>}""|""SELECT DISTINCT ?uri WHERE { <http://dbpedia.org/resource/Vatican_Television_Center> <http://dbpedia.org/ontology/foundedBy> ?uri. ?uri <https://www.w3.org/1999/02/22-rdf-syntax-ns#type> <http://dbpedia.org/ontology/Pope>}""|"
15278,
15279,"SELECT DISTINCT ?uri WHERE { <<http://dbpedia.org/resource/Melbourne> <http://dbpedia.org/ontology/populationTotal> ?uri }|""SELECT DISTINCT ?uri WHERE { <<http://dbpedia.org/resource/Melbourne> <http://dbpedia.org/ontology/populationTotal> ?uri }""|"
15280,"SELECT DISTINCT ?uri WHERE { <http://dbpedia.org/resource/Air_China> <http://dbpedia.org/ontology/targetAirport> ?uri }|""SELECT DISTINCT ?uri WHERE { <http://dbpedia.org/resource/Air_China> <http://dbpedia.org/ontology/targetAirport> ?uri }""|"
15281,"SELECT DISTINCT ?uri WHERE { <http://dbpedia.org/resource/Rachel_Stevens> <http://dbpedia.org/ontology/birthYear> ?uri }|""SELECT DISTINCT ?uri WHERE { <http://dbpedia.org/resource/Rachel_Stevens> <http://dbpedia.org/ontology/birthYear> ?uri }""|"
15282,"SELECT DISTINCT ?uri WHERE { <http://dbpedia.org/resource/John_F._Kennedy> <http://dbpedia.org/ontology/deathPlace> ?uri }|""SELECT DISTINCT ?uri WHERE { <http://dbpedia.org/resource/John_F._Kennedy> <http://dbpedia.org/ontology/deathPlace> ?uri }""|"
15283,"SELECT DISTINCT ?uri WHERE { ?uri <http://dbpedia.org/ontology/profession> <http://dbpedia.org/resource/Politician> . ?uri <http://dbpedia.org/ontology/almaMater> <http://dbpedia.org/resource/Columbia_University> . }|""SELECT DISTINCT ?uri WHERE { ?uri <http://dbpedia.org/ontology/profession> <http://dbpedia.org/resource/Politician> . ?uri <http://dbpedia.org/ontology/almaMater> <http://dbpedia.org/resource/Columbia_University> . }""|"
15284,"SELECT DISTINCT ?uri WHERE {?uri <http://dbpedia.org/ontology/knownFor> <http://dbpedia.org/resource/Manhattan_Project> . ?uri <http://dbpedia.org/ontology/knownFor> <http://dbpedia.org/resource/Nobel_Peace_Prize> . ?uri <https://www.w3.org/1999/02/22-rdf-syntax-ns#type> <http://dbpedia.org/ontology/Scientist>}|""SELECT DISTINCT ?uri WHERE {?uri <http://dbpedia.org/ontology/knownFor> <http://dbpedia.org/resource/Manhattan_Project> . ?uri <http://dbpedia.org/ontology/knownFor> <http://dbpedia.org/resource/Nobel_Peace_Prize> . ?uri <https://www.w3.org/1999/02/22-rdf-syntax-ns#type> <http://dbpedia.org/ontology/Scientist>}""|"
15285,
15286,
15287,
15288,"SELECT DISTINCT ?uri WHERE { <http://dbpedia.org/resource/Facebook> <http://dbpedia.org/ontology/foundedBy> ?uri }|""SELECT DISTINCT ?uri WHERE { <http://dbpedia.org/resource/Facebook> <http://dbpedia.org/ontology/foundedBy> ?uri }""|"
15289,"SELECT DISTINCT ?uri WHERE { <http://dbpedia.org/resource/Melon_de_Bourgogne> <http://dbpedia.org/ontology/wineRegion> ?uri }|""SELECT DISTINCT ?uri WHERE { <http://dbpedia.org/resource/Melon_de_Bourgogne> <http://dbpedia.org/ontology/wineRegion> ?uri }""|"
15290,"SELECT DISTINCT ?uri WHERE { <http://dbpedia.org/resource/Socrates> <http://dbpedia.org/ontology/influencedBy> ?uri }|""SELECT DISTINCT ?uri WHERE { <http://dbpedia.org/resource/Socrates> <http://dbpedia.org/ontology/influencedBy> ?uri }""|"
15291,
15292,
15293,
15294,"SELECT DISTINCT ?uri WHERE { <http://dbpedia.org/resource/Jacques_Chirac> <http://dbpedia.org/ontology/spouse> ?uri }|""SELECT DISTINCT ?uri WHERE { <http://dbpedia.org/resource/Jacques_Chirac> <http://dbpedia.org/ontology/spouse> ?uri }""|"
15295,
15296,"SELECT DISTINCT ?uri WHERE { ?uri <http://dbpedia.org/ontology/wineProduced> <http://dbpedia.org/resource/Sparkling_wine> . ?uri <http://dbpedia.org/ontology/location> <http://dbpedia.org/resource/France> . }|""SELECT DISTINCT ?uri WHERE { ?uri <http://dbpedia.org/ontology/wineProduced> <http://dbpedia.org/resource/Sparkling_wine> . ?uri <http://dbpedia.org/ontology/location> <http://dbpedia.org/resource/France> . }""|"
15297,"SELECT DISTINCT ?uri WHERE { <http://dbpedia.org/resource/Hillel_Slovak> <http://dbpedia.org/ontology/deathPlace> ?uri }|""SELECT DISTINCT ?uri WHERE { <http://dbpedia.org/resource/Hillel_Slovak> <http://dbpedia.org/ontology/deathPlace> ?uri }""|"
15298,"SELECT DISTINCT ?uri WHERE { <http://dbpedia.org/resource/San_Pedro_de_Atacama> <http://dbpedia.org/ontology/timezone> ?uri }|""SELECT DISTINCT ?uri WHERE { <http://dbpedia.org/resource/San_Pedro_de_Atacama> <http://dbpedia.org/ontology/timezone> ?uri }""|"
15299,"SELECT DISTINCT ?uri WHERE { <http://dbpedia.org/resource/Chile_Route_68> <http://dbpedia.org/ontology/routeEnd> ?uri }|""SELECT DISTINCT ?uri WHERE { <http://dbpedia.org/resource/Chile_Route_68> <http://dbpedia.org/ontology/routeEnd> ?uri }""|"
15300,
15301,
15302,"SELECT DISTINCT ?uri WHERE { <http://dbpedia.org/resource/Mvezo> <http://dbpedia.org/ontology/birthPlace> ?uri }|""SELECT DISTINCT ?uri WHERE { <http://dbpedia.org/resource/Mvezo> <http://dbpedia.org/ontology/birthPlace> ?uri }""|"
15303,SELECT (COUNT(DISTINCT ?x) as ?c) WHERE{ <http://dbpedia.org/resource/Henry_Fonda> <http://dbpedia.org/ontology/parent> ?v1. }|
15304,"SELECT DISTINCT ?uri WHERE { <http://dbpedia.org/resource/Victoria_Cross> <http://dbpedia.org/ontology/award> ?uri }|""SELECT DISTINCT ?uri WHERE { <http://dbpedia.org/resource/Victoria_Cross> <http://dbpedia.org/ontology/award> ?uri }""|"
15305,
15306,"SELECT DISTINCT ?uri WHERE { <http://dbpedia.org/resource/Steve_Jobs> <http://dbpedia.org/ontology/relative> ?uri }|""SELECT DISTINCT ?uri WHERE { <http://dbpedia.org/resource/Steve_Jobs> <http://dbpedia.org/ontology/relative> ?uri }""|"
15307,"SELECT DISTINCT ?uri WHERE { <http://dbpedia.org/resource/Wu-Tang_Clan> <http://dbpedia.org/ontology/bandMember> ?uri }|""SELECT DISTINCT ?uri WHERE { <http://dbpedia.org/resource/Wu-Tang_Clan> <http://dbpedia.org/ontology/bandMember> ?uri }""|"
15308,
15309,
15310,
15311,
15312,
15313,
15314,"SELECT DISTINCT ?uri WHERE { ?uri <http://dbpedia.org/ontology/deathPlace> <<http://dbpedia.org/resource/Los_Alamos> . ?uri <http://dbpedia.org/ontology/deathCause> <http://dbpedia.org/resource/Acute_radiation_syndrome> . }|""SELECT DISTINCT ?uri WHERE { ?uri <http://dbpedia.org/ontology/deathPlace> <<http://dbpedia.org/resource/Los_Alamos> . ?uri <http://dbpedia.org/ontology/deathCause> <http://dbpedia.org/resource/Acute_radiation_syndrome> . }""|"
15315,"SELECT DISTINCT ?uri WHERE {?uri <http://dbpedia.org/ontology/owner> <http://dbpedia.org/resource/Bank_of_America> . ?uri <https://www.w3.org/1999/02/22-rdf-syntax-ns#type> <http://dbpedia.org/ontology/Building.>}|""SELECT DISTINCT ?uri WHERE {?uri <http://dbpedia.org/ontology/owner> <http://dbpedia.org/resource/Bank_of_America> . ?uri <https://www.w3.org/1999/02/22-rdf-syntax-ns#type> <http://dbpedia.org/ontology/Building.>}""|""SELECT DISTINCT ?uri WHERE { <http://dbpedia.org/resource/Bank_of_America> <http://dbpedia.org/ontology/owner> ?uri. ?uri <https://www.w3.org/1999/02/22-rdf-syntax-ns#type> <http://dbpedia.org/ontology/Building.>}""|""SELECT DISTINCT ?uri WHERE { <http://dbpedia.org/resource/Bank_of_America> <http://dbpedia.org/ontology/owner> ?uri. ?uri <https://www.w3.org/1999/02/22-rdf-syntax-ns#type> <http://dbpedia.org/ontology/Building.>}""|"
15316,"SELECT DISTINCT ?uri WHERE { ?uri <http://dbpedia.org/ontology/architect> <<http://dbpedia.org/resource/Shreve> . ?uri <http://dbpedia.org/ontology/architecturalStyle> <http://dbpedia.org/resource/Art_Deco> . }|""SELECT DISTINCT ?uri WHERE { ?uri <http://dbpedia.org/ontology/architect> <<http://dbpedia.org/resource/Shreve> . ?uri <http://dbpedia.org/ontology/architecturalStyle> <http://dbpedia.org/resource/Art_Deco> . }""|"
15317,
15318,
15319,
15320,ASK WHERE { <http://dbpedia.org/resource/Rosetta_Stone> <http://dbpedia.org/ontology/museum> <http://dbpedia.org/resource/Gayer-Anderson_cat> }|
15321,"SELECT DISTINCT ?uri WHERE { <http://dbpedia.org/resource/Friends> <http://dbpedia.org/ontology/starring> ?uri }|""SELECT DISTINCT ?uri WHERE { <http://dbpedia.org/resource/Friends> <http://dbpedia.org/ontology/starring> ?uri }""|"
15322,"SELECT DISTINCT ?uri WHERE { <http://dbpedia.org/resource/Gaborone> <http://dbpedia.org/ontology/capital> ?uri }|""SELECT DISTINCT ?uri WHERE { <http://dbpedia.org/resource/Gaborone> <http://dbpedia.org/ontology/capital> ?uri }""|"
15323,"SELECT DISTINCT ?uri WHERE { <http://dbpedia.org/resource/Madama_Butterfly> <http://dbpedia.org/ontology/birthDate> ?uri }|""SELECT DISTINCT ?uri WHERE { <http://dbpedia.org/resource/Madama_Butterfly> <http://dbpedia.org/ontology/birthDate> ?uri }""|"
15324,
15325,"SELECT DISTINCT ?uri WHERE { <http://dbpedia.org/resource/Francis_Ford_Coppola> <http://dbpedia.org/ontology/child> ?uri }|""SELECT DISTINCT ?uri WHERE { <http://dbpedia.org/resource/Francis_Ford_Coppola> <http://dbpedia.org/ontology/child> ?uri }""|"
15326,
15327,
15328,ASK WHERE { <http://dbpedia.org/resource/France> <http://dbpedia.org/ontology/deathPlace> ?v1. }|
15329,"SELECT DISTINCT ?uri WHERE { ?uri <http://dbpedia.org/ontology/lastAppearance> <http://dbpedia.org/resource/James_Bond> . ?uri <http://dbpedia.org/ontology/author> <<http://dbpedia.org/resource/William_Boyd_(writer)>> . }|""SELECT DISTINCT ?uri WHERE { ?uri <http://dbpedia.org/ontology/lastAppearance> <http://dbpedia.org/resource/James_Bond> . ?uri <http://dbpedia.org/ontology/author> <<http://dbpedia.org/resource/William_Boyd_(writer)>> . }""|"
15330,
15331,
15332,
15333,"SELECT DISTINCT ?uri WHERE { ?x <http://dbpedia.org/ontology/director> <http://dbpedia.org/resource/Buzz_Kulik> . ?x <http://dbpedia.org/ontology/starring> ?uri . }|""SELECT DISTINCT ?uri WHERE { ?x <http://dbpedia.org/ontology/director> <http://dbpedia.org/resource/Buzz_Kulik> . ?x <http://dbpedia.org/ontology/starring> ?uri . }""|""SELECT DISTINCT ?uri WHERE { <http://dbpedia.org/resource/Buzz_Kulik> <http://dbpedia.org/ontology/director> ?x. ?x <http://dbpedia.org/ontology/starring> ?uri  }""|""SELECT DISTINCT ?uri WHERE { <http://dbpedia.org/resource/Buzz_Kulik> <http://dbpedia.org/ontology/director> ?x. ?x <http://dbpedia.org/ontology/starring> ?uri  }""|"
15334,
15335,"SELECT DISTINCT ?uri WHERE { <http://dbpedia.org/resource/Chinese_language> <http://dbpedia.org/ontology/spokenIn> ?uri }|""SELECT DISTINCT ?uri WHERE { <http://dbpedia.org/resource/Chinese_language> <http://dbpedia.org/ontology/spokenIn> ?uri }""|"
15336,"SELECT DISTINCT ?uri WHERE { <http://dbpedia.org/resource/William_Faulkner> <http://dbpedia.org/ontology/largestCity> ?uri }|""SELECT DISTINCT ?uri WHERE { <http://dbpedia.org/resource/William_Faulkner> <http://dbpedia.org/ontology/largestCity> ?uri }""|"
15337,
15338,"SELECT DISTINCT ?uri WHERE { <http://dbpedia.org/resource/Charles_Dickens> <http://dbpedia.org/ontology/author> ?uri }|""SELECT DISTINCT ?uri WHERE { <http://dbpedia.org/resource/Charles_Dickens> <http://dbpedia.org/ontology/author> ?uri }""|"
15339,"SELECT DISTINCT ?uri WHERE { <http://dbpedia.org/resource/Mona_Lisa> <http://dbpedia.org/ontology/museum> ?uri }|""SELECT DISTINCT ?uri WHERE { <http://dbpedia.org/resource/Mona_Lisa> <http://dbpedia.org/ontology/museum> ?uri }""|"