"painted by","",""
"prime minister","",""
"parent organisation","leaders",""
"municipality","",""
"succeed","monarch",""
"designer","born",""
"","",""
"@@@","",""
"former coach","",""
"chaired","grounds",""
"battle","@@@",""
"operator","",""
"","",""
"","",""
"destinations","",""
"","",""
"part of","",""
"held in","kind of",""
"penned","",""
"city","",""
"county","",""
"headquartered","headed",""
"executive producer","",""
"services","",""
"work for","development",""
"style of architecture","",""
"originate","",""
"discovered","",""
"previous work","producer",""
"voice","",""
"associated","associated",""
"citizenship","citizenship",""
"person that first ascented","",""
"campuses","",""
"Where","",""
"composer","subsequent work",""
"boards","boards",""
"born","",""
"war","war",""
"order","things",""
"associated","made",""
"mater alma","",""
"headquartered","leaders",""
"hometown","religions",""
"originate","",""
"commander","commander",""
"leader","",""
"fought","wars",""
"born","",""
"trained","",""
"party","religions",""
"employer","employer",""
"living in","@@@",""
"recorded","",""
"manager","",""
"executive producer","awards",""
"stadium","youth club",""
"kingdom","families",""
"Count","purposes",""
"","",""
"manage a club","",""
"layout","layout",""
"zone time","",""
"mater alma","mater alma",""
"speaking","start",""
"currency","currency",""
"","",""
"guest","",""
"find","nations",""
"platform","distributed",""
"largest city","",""
"","",""
"PM","",""
"in","sports",""
"mayor","",""
"league","nation",""
"on","one",""
"sports","sports",""
"school","common",""
"","",""
"from","countries",""
"garrison","structure command",""
"made by","",""
"@@@","@@@",""
"associated","",""
"","",""
"","",""
"","",""
"major shrine","",""
"","",""
"","",""
"","",""
"commanders","battles",""
"cities","",""
"","",""
"","",""
"","",""
"nominee","",""
"","",""
"","",""
"","",""
"","",""
"border","",""
"division","company",""
"subsequent work","musical band",""
"authors","influenced by",""
"county","largest city",""
"associate band","associate band",""
"album","performer",""
"","",""
"","",""
"","",""
"","",""
"","",""
"governing body","leader name",""
"major shrine","",""
"actor","",""
"series","",""
"","",""
"country","country",""
"","",""
"","",""
"","",""
"death place","",""
"junction","",""
"product","key person",""
"buried in","",""
"route junction","",""
"executive producer","person",""
"sister station","",""
"","",""
"presented","",""
"awards","awards",""
"","",""
"","",""
"","",""
"","",""
"known for","",""
"","",""
"district","",""
"religious affiliation","",""
"characters","characters",""
"domain","",""
"","",""
"","",""
"","",""
"language","language",""
"","",""
"","",""
"carry","maintainer",""
"","",""
"residence","",""
"","",""
"nearest city","",""
"","",""
"screenplay","",""
"awarded","",""
"opponent","",""
"","",""
"publisher","founded by",""
"network","related",""
"related","life stance",""
"founded by","",""
"river","river",""
"name","name",""
"awards","awards",""
"industry","",""
"field","field",""
"lieutenant","lieutenant",""
"","",""
"presided","sport",""
"","",""
"","",""
"","",""
"","",""
"","",""
"founded","",""
"","",""
"","",""
"","",""
"","",""
"","",""
"own","",""
"other party","other party",""
"garrison","",""
"co-founder","co-founder",""
"","",""
"","",""
"","",""
"","",""
"","",""
"","",""
"","",""
"coach","",""
"main ingredient","",""
"tenant","military branch",""
"destinations","destinations",""
"born in","",""
"","",""
"cinematographer","",""
"board","",""
"","",""
"","",""
"ingredient","",""
"","",""
"performer","",""
"","",""
"voice","",""
"tenant","tenant",""
"places","places",""
"","",""
"","",""
"","",""
"","",""
"","",""
"born in","team",""
"","",""
"tributary","in",""
"characters","characters",""
"former","team",""
"","",""
"author","",""
"in","",""
"founder of","",""
"","",""
"former","former",""
"","",""
"","",""
"awarded","",""
"","",""
"","",""
"designed","layout",""
"","",""
"Guests","Guests",""
"","",""
"","",""
"phylum","",""
"","",""
"","",""
"species","",""
"","",""
"","",""
"","",""
"","",""
"","",""
"head coach","",""
"","",""
"honours","",""
"","",""
"","",""
"","",""
"","",""
"","",""
"relative","",""
"family","",""
"government type","",""
"subsequent work","developed by",""
"","",""
"","",""
"subsequent work","performer",""
"debut team","",""
"","",""
"","",""
"programming language","operating system",""
"label","",""
"homeport","",""
"company","",""
"leader","",""
"species","",""
"","",""
"format","",""
"","",""
"opening theme","subsequent work",""
"direct","",""
"","",""
"owner","",""
"","",""
"in","owners",""
"","",""
"flows","cities",""
"","",""
"","",""
"doctoral student","",""
"","",""
"awards","",""
"teams","team",""
"","",""
"region","",""
"","",""
"Museum","",""
"associate musical","",""
"","",""
"commander","commander",""
"commander","",""
"are","religion",""
"","",""
"designed","developed",""
"prime minister","",""
"founded by","",""
"part","founded",""
"are","",""
"album","writers",""
"creators","creators",""
"broadcast area","broadcast area",""
"","",""
"","",""
"founded","",""
"ascented","",""
"","",""
"rivers","countries",""
"choreographed","former partner",""
"canonized","",""
"","",""
"","",""
"subsidiary","",""
"","",""
"","",""
"notable work","",""
"largest city","",""
"","",""
"battle","",""
"","",""
"","",""
"national motto","",""
"","",""
"youthclub","",""
"","",""
"alma mater","alma mater",""
"","",""
"","",""
"ceremonial county","",""
"relation","",""
"","",""
"","",""
"","",""
"","",""
"","",""
"","",""
"","",""
"","",""
"key people","key people",""
"bred","race",""
"mouth country","",""
"region","",""
"associated","",""
"hub","",""
"service","services",""
"","",""
"","",""
"","",""
"","",""
"directed by","",""
"","",""
"first team","first driver",""
"","",""
"members","bands",""
"publisher","plays for",""
"","",""
"directed by","",""
"","",""
"","",""
"region serve","",""
"","",""
"opponent","",""
"architect","architect",""
"","",""
"jurisdiction","leader",""
"headquarters","presenter",""
"launch site","launch site",""
"","",""
"home town","",""
"was","",""
"sister station","network",""
"","",""
"","",""
"designed","",""
"airport","",""
"successor","state",""
"awards","awards",""
"lieutenant","lieutenant",""
"","",""
"","",""
"military","",""
"associate","resting place",""
"family","",""
"in","sport",""
"team","",""
"","",""
"military unit","leader",""
"serving railway line","",""
"","",""
"","",""
"writers","influenced",""
"","",""
"","",""
"known for","",""
"","",""
"","",""
"executive producer","",""
"training","alma mater",""
"","",""
"successor","state of origin",""
"spouse","",""
"trainer","",""
"band member","",""
"managed","",""
"","",""
"","",""
"","",""
"genre","",""
"programme format","",""
"managed","ground",""
"","",""
"","",""
"","",""
"","",""
"","",""
"","",""
"","",""
"illustrated by","",""
"beatified by","major shrine",""
"license","",""
"","",""
"","",""
"produced","",""
"team","team",""
"country","country",""
"publisher","subject",""
"known for","",""
"","",""
"leader","leader",""
"","",""
"","",""
"former broadcast network","",""
"influenced","influenced",""
"successor","region",""
"","",""
"ascented","",""
"film director","awards",""
"","",""
"","",""
"municipality","",""
"","",""
"subsequent work","opening theme",""
"","",""
"largest city","",""
"relative","awards",""
"count","distributor",""
"fiction non","field",""
"owning organisation","builder",""
"former choreographer","former partner",""
"title","",""
"","",""
"","",""
"state","",""
"","",""
"","",""
"central processing unit","",""
"military branch","",""
"youthclub","",""
"allegiance","office",""
"","",""
"tenants","",""
"industry","",""
"","",""
"","",""
"are","band member",""
"editor","",""
"band","",""
"tenant","",""
"successor","religion",""
"associated band","performer",""
"series","developer",""
"chaired","youthclub",""
"industry","",""
"","",""
"","",""
"known for","alma mater",""
"mountain range","",""
"","",""
"","",""
"","",""
"","",""
"","",""
"race","",""
"content license","",""
"genre","",""
"cities","cities",""
"","",""
"mouth mountain","mouth place",""
"","",""
"","",""
"","",""
"","",""
"nationality","sovereign state",""
"sculptor","composed by",""
"beatified by","places",""
"","",""
"former coach","",""
"","",""
"","",""
"","",""
"","",""
"game platform","",""
"","",""
"","",""
"","",""
"","",""
"","",""
"","",""
"","",""
"party","party",""
"recorded in","writers",""
"university","",""
"nation","nation",""
"nominee","",""
"chairman","home stadium",""
"","",""
"region","",""
"","",""
"district","",""
"","",""
"class","",""
"","",""
"","",""
"","",""
"","",""
"","",""
"","",""
"","",""
"recorded","",""
"species","",""
"driver pole","",""
"","",""
"membership","membership",""
"served","country",""
"","",""
"","",""
"garrison","",""
"municipality","",""
"manager","",""
"","",""
"","",""
"","",""
"","",""
"end","",""
"","",""
"producer","",""
"partner","",""
"","",""
"phylum","order (taxonomy)",""
"","",""
"cinematographer","",""
"successor","company",""
"battles","battles",""
"","",""
"opening theme","",""
"","",""
"","",""
"in","mouth place",""
"associated","music composer",""
"team","",""
"","",""
"executive producer","executive producer",""
"kingdom","division",""
"","",""
"","",""
"","",""
"","",""
"chaired","homestadiums",""
"","",""
"","",""
"chairman","home stadium",""
"team","",""
"former team","former team",""
"","",""
"","",""
"","",""
"","",""
"","",""
"","",""
"","",""
"","",""
"","",""
"class","",""
"architectural style","",""
"","",""
"significant building","significant building",""
"rank","",""
"Product","",""
"network","judges",""
"","",""
"","",""
"","",""
"result","",""
"","",""
"musical band","musical band",""
"","",""
"campus","campus",""
"style of architecture","",""
"directors","",""
"team","teams",""
"in","sport",""
"","",""
"commander","",""
"","",""
"","",""
"","",""
"theme","",""
"national anthem","currencies",""
"","",""
"","",""
"origin","",""
"musical band","",""
"affiliation","",""
"subjects","",""
"","",""
"highschool","",""
"","",""
"previous work","",""
"bred","awards",""
"born in","played for",""
"","",""
"license","",""
"died in","artists",""
"citizenship","land",""
"","",""
"home stadium","home stadium",""
"assembly","",""
"","",""
"","",""
"","",""
"sister","network",""
"","",""
"","",""
"","",""
"opponent","opponent",""
"","",""
"commander","religion",""
"sister name","network",""
"married to","son",""
"race","",""
"","",""
"","",""
"field","occupation",""
"maintainer","",""
"producer","",""
"main ingredient","",""
"","",""
"predecessor","successor",""
"successor","",""
"","",""
"","",""
"","",""
"","",""
"","",""
"kingdom","",""
"local authority","",""
"work","died in",""
"","",""
"families","families",""
"notable work","",""
"assembly","largest city",""
"division","",""
"","",""
"","",""
"narrator","",""
"founded","",""
"phylum","",""
"","",""
"Network","judges",""
"in","",""
"","",""
"","",""
"discovered by","",""
"","",""
"","",""
"","",""
"parent company","",""
"sister station","broadcasted",""
"genre","",""
"","",""
"president","president",""
"music","adapted from",""
"parent","spouse",""
"","",""
"governor","",""
"","",""
"","",""
"","",""
"","",""
"residence","",""
"builder","builder",""
"","",""
"music","guests",""
"member band","",""
"coach","team",""
"","",""
"composed","",""
"cinematographer","",""
"operator","",""
"series","series",""
"graduates","parties",""
"","",""
"battles","battles",""
"","",""
"","",""
"","",""
"artist music","artist music",""
"","",""
"doctoral student","",""
"ends","start,",""
"headcoached","team",""
"venue","venue",""
"county seat","",""
"","",""
"mother","",""
"mountain range","first",""
"direct","",""
"","",""
"built by","tenant",""
"type","",""
"military branch","",""
"","",""
"","",""
"","",""
"","",""
"","",""
"","",""
"","",""
"academic advisor","",""
"battle","awards received",""
"led","",""
"owner","developer",""
"","",""
"","",""
"born in","painters",""
"position","former team",""
"","",""
"","",""
"","",""
"create","",""
"government type","party",""
"","",""
"","",""
"advisor","",""
"","",""
"","",""
"currency","",""
"","",""
"ingredient","nation",""
"","",""
"composed","",""
"","",""
"group","",""
"region","region",""
"","",""
"employed by","alma mater",""
"","",""
"released","",""
"","",""
"assembly of","state",""
"","",""
"distributed by","",""
"opponent","opponent",""
"","",""
"","",""
"college","",""
"star","",""
"","",""
"","",""
"","",""
"","",""
"write","",""
"","",""
"leader","",""
"music","music composer",""
"nearest","nearest",""
"","",""
"","",""
"","",""
"command structure","",""
"education","university",""
"","",""
"county","",""
"pole driver","first driver",""
"","",""
"","",""
"family","authority",""
"in","fields",""
"region served","region served",""
"","",""
"alma mater","",""
"","",""
"seat","leader",""
"","",""
"","",""
"","",""
"debut team","club manager",""
"","",""
"binomial authority","binomial authority",""
"state","",""
"resting place","",""
"","",""
"partner","",""
"district","",""
"","",""
"","",""
"died in","political party",""
"","",""
"mayor","",""
"played for","",""
"service","",""
"political party","",""
"founded","",""
"parent organisation","channel",""
"associated","",""
"","",""
"president","",""
"","",""
"former team","former team",""
"","",""
"College","",""
"musical instrument","",""
"headcoach","",""
"","",""
"","",""
"dies","",""
"","",""
"government type","",""
"animator","",""
"canonized by","birth location",""
"","",""
"","",""
"","",""
"destination","predecessor",""
"citizenship","",""
"","",""
"","",""
"","",""
"youth club","",""
"citizenship","",""
"region","",""
"nearest city","",""
"music","distributed by",""
"","",""
"in","cities",""
"","",""
"kingdom","families",""
"publisher","",""
"team","ground",""
"","",""
"train","",""
"writer","writer",""
"","",""
"cover artist","",""
"","",""
"Champion","nationality",""
"part","founded",""
"","",""
"former partner","",""
"","",""
"produced","related",""
"parent company","",""
"","",""
"","",""
"","",""
"chairman","",""
"parent","distributor",""
"canonized by","",""
"largest city","",""
"","",""
"member former","",""
"","",""
"stadium","",""
"citizens","awards",""
"nation","nation",""
"operating system","operating system",""
"route end","",""
"","",""
"","",""
"","",""
"trained","",""
"","",""
"executive producer","award",""
"album","opening theme",""
"driver pole","",""
"","",""
"automobile platform","",""
"border","",""
"coach","debut team",""
"create","",""
"CPU","successor",""
"","",""
"","",""
"","",""
"","",""
"","",""
"","",""
"born in","former team",""
"","",""
"managers","",""
"highschool","",""
"","",""
"recorded","",""
"designed","over",""
"portrayed","",""
"associated music","composed",""
"death place","death place",""
"","",""
"services","services",""
"published","",""
"","",""
"capital","source country",""
"","",""
"narrator","",""
"founded","Board",""
"play","",""
"","",""
"","",""
"died in","religion",""
"","",""
"wine region","wine region",""
"families","",""
"","",""
"","",""
"work","",""
"nearest city","nearest city",""
"headquarters","",""
"","",""
"band member","",""
"license","",""
"subsequent work","subsequent work",""
"Nation","Nation",""
"","",""
"","",""
"related","",""
"two","",""
"","",""
"","",""
"recorded in","writers",""
"","",""
"employer","",""
"","",""
"tributary","",""
"chairman","home stadium",""
"created by","characters",""
"in","",""
"","",""
"","",""
"","",""
"","",""
"","",""
"founded","division",""
"hub airport","largest city",""
"","",""
"member","",""
"","",""
"tributary","in",""
"band","",""
"","",""
"venerateds","venerateds",""
"","",""
"official language","",""
"religion","religion",""
"source country","",""
"","",""
"","",""
"national anthem","",""
"organisation","",""
"rank","",""
"","",""
"border","border",""
"mayor","",""
"","",""
"","",""
"","",""
"written by","",""
"","",""
"venerated in","",""
"command structure","command structure",""
"cinematographer","",""
"","",""
"","",""
"predecessor","",""
"sport","",""
"","",""
"","",""
"","",""
"designer company","layout",""
"","",""
"","",""
"board","board",""
"","",""
"vice president","almamater",""
"architecture","",""
"left tributary","state",""
"animator","director",""
"","",""
"HQ","",""
"","",""
"","",""
"state of origin","",""
"license","",""
"","",""
"died in","debut team",""
"associated band","associated musical artist",""
"","",""
"","",""
"","",""
"airport hub","",""
"profession","",""
"source","source",""
"serving railway line","",""
"","",""
"","",""
"","",""
"","",""
"","",""
"editor","",""
"ingredient","",""
"","",""
"","",""
"","",""
"graduate of","directed",""
"","",""
"architecture","architecture",""
"edited","",""
"company","work",""
"","",""
"","",""
"School","",""
"direction central combat","region",""
"","",""
"","",""
"","",""
"","",""
"","",""
"","",""
"","",""
"known for","known for",""
"garrison","",""
"rivers","",""
"publisher","fiction",""
"tenants","tenants",""
"voice","voice",""
"album","",""
"restingplace","restingplace",""
"","",""
"","",""
"born in","",""
"","",""
"major shrine","major shrine",""
"political party","political party",""
"division","",""
"developed by","",""
"edited by","",""
"board","",""
"","",""
"","",""
"state","",""
"","",""
"","",""
"from","",""
"died in","successor",""
"non-fiction subject","non-fiction subject",""
"","",""
"","",""
"anthem","",""
"","",""
"","",""
"","",""
"","",""
"","",""
"flow","",""
"","",""
"first aired","",""
"commander","military rank",""
"family","",""
"writer","",""
"authority","",""
"","",""
"","",""
"hair","title",""
"work","work",""
"subsidiary","manufactured by",""
"company","company",""
"","",""
"billed","trained",""
"","",""
"commander","",""
"location city","birth",""
"","",""
"","",""
"","",""
"","",""
"broadcast area","broadcast area",""
"currency","administrative headquarters",""
"","",""
"class","",""
"","",""
"died in","cinematographer",""
"","",""
"discovered body","largest city",""
"hometown","",""
"bronze medal","silver medal",""
"associate","kid",""
"predecessor","",""
"phylum","",""
"","",""
"company","producer",""
"","",""
"","",""
"associates","",""
"","",""
"musician","",""
"Ceremonial County","",""
"ideology","ideology",""
"narrator","honorary title",""
"","",""
"destinations","destinations",""
"developed by","",""
"known for","known for",""
"","",""
"","",""
"","",""
"producer","awards",""
"died in","children",""
"governing body","",""
"superintendent","",""
"","",""
"series","",""
"","",""
"inflows","",""
"league","nation",""
"commander","",""
"","",""
"","",""
"","",""
"","",""
"","",""
"","",""
"","",""
"buried in","",""
"nation team","",""
"notable work","died in",""
"in","sport",""
"in","owns",""
"member","",""
"president","sport",""
"","",""
"owner","owner",""
"opening theme","",""
"","",""
"","",""
"sister station","network",""
"","",""
"starts","",""
"","",""
"","",""
"","",""
"university","college",""
"buried in","",""
"","",""
"garrison","known for",""
"","",""
"","",""
"state of origin","",""
"cinematographed","",""
"language","",""
"command structure","garrison",""
"relative","",""
"origin","origin",""
"river","river",""
"","",""
"known for","religion",""
"","",""
"neighboring","",""
"honorary title","honorary title",""
"designed","language",""
"job","non-fiction subject",""
"daughter","political party",""
"garrison","",""
"Nation","",""
"city","",""
"country","",""
"","",""
"vice president","",""
"","",""
"non-fiction subject","non-fiction subject",""
"","",""
"part","part",""
"wine region","wine region",""
"","",""
"founded","founded",""
"members","",""
"music","directed",""
"","",""
"","",""
"","",""
"associated band","",""
"military unit","military unit",""
"fiction","",""
"chairman","",""
"","",""
"national anthem","",""
"municipality","municipality",""
"","",""
"","",""
"position","team",""
"","",""
"cover","",""
"stylistic origin","",""
"area","area",""
"major shrine","major shrine",""
"","",""
"developer","",""
"","",""
"teams","",""
"alma mater","",""
"","",""
"","",""
"","",""
"places","places",""
"commander","territory",""
"","",""
"","",""
"","",""
"","",""
"","",""
"mountain","mountain range",""
"composed","",""
"product","product",""
"","",""
"citizenship","",""
"","",""
"automobile platform","automobile platform",""
"families","families",""
"parent","",""
"character","",""
"","",""
"nation","",""
"","",""
"publisher","",""
"state","state",""
"institution","alma mater",""
"","",""
"relatives","",""
"","",""
"","",""
"","",""
"","",""
"","",""
"","",""
"species","",""
"tomb","author",""
"in","",""
"","",""
"presenter","",""
"","",""
"party","",""
"network","",""
"","",""
"first","",""
"previous work","",""
"songwriter","songwriter",""
"","",""
"","",""
"","",""
"died in","known for",""
"managed","youth club",""
"","",""
"","",""
"","",""
"","",""
"mean","",""
"managers","",""
"","",""
"","",""
"buried in","awarded",""
"","",""
"nationality","relative",""
"Division","youthclub",""
"","",""
"edit","",""
"","",""
"written by","",""
"are","",""
"","",""
"produced","",""
"","",""
"","",""
"","",""
"founded","",""
"","",""
"family","family",""
"currency","",""
"","",""
"awards","awards",""
"","",""
"","",""
"","",""
"airport","",""
"","",""
"","",""
"","",""
"","",""
"mountain","",""
"academic discipline","academic discipline",""
"","",""
"","",""
"canonized by","",""
"parliament","",""
"","",""
"","",""
"","",""
"grandsire","awards",""
"layout","",""
"","",""
"","",""
"","",""
"team","",""
"ideology","",""
"","",""
"","",""
"","",""
"flows","cities",""
"band","",""
"","",""
"national team","",""
"","",""
"edited by","",""
"company","",""
"president","",""
"lieutenant","",""
"Ceremonial County","",""
"hub airport","",""
"","",""
"","",""
"","",""
"sovereign state","citizen of",""
"buried in","",""
"colour","",""
"territory","",""
"","",""
"route start","",""
"","",""
"musical artist","musical artist",""
"","",""
"League","team",""
"","",""
"","",""
"graduated from","awards",""
"club","",""
"authority","death location",""
"","",""
"creators","creators",""
"played for","",""
"","",""
"appointed","prime minister",""
"music composer","",""
"region","resting place",""
"mouth mountain","",""
"membership","",""
"","",""
"High School","",""
"work","work",""
"","",""
"producer","awards",""
"debut team","",""
"spouse","relative",""
"","",""
"racing","racing",""
"","",""
"","",""
"musical band","",""
"series","developer",""
"album","",""
"","",""
"ingredient","ingredient",""
"","",""
"","",""
"","",""
"","",""
"tenants","tenants",""
"","",""
"serving railway line","",""
"subsequent work","wrote",""
"","",""
"tenant","tenant",""
"manufactured","",""
"mouth mountain","river mouth",""
"","",""
"nearest city","",""
"","",""
"mayor","",""
"college","college",""
"","",""
"member","",""
"","",""
"political party","political party",""
"relative","",""
"developed","developed",""
"","",""
"in","first",""
"local authority","",""
"first","",""
"","",""
"formercoach","",""
"engine","related",""
"","",""
"","",""
"produced","",""
"","",""
"team","state",""
"","",""
"field","sport",""
"","",""
"military unit","military unit",""
"headquarter","members",""
"serve","",""
"","",""
"film director","",""
"driver","first driver",""
"","",""
"mountains","",""
"","",""
"","",""
"","",""
"","",""
"","",""
"regions served","regions served",""
"writers","works",""
"composer","",""
"owns","",""
"","",""
"team","",""
"","",""
"","",""
"ingredient","ingredient",""
"founders","",""
"sport","",""
"parent","",""
"","",""
"board","",""
"leading","party",""
"beatified by","",""
"music","producer",""
"structured","military unit",""
"state","",""
"writer","",""
"music","based upon",""
"headquarter","network",""
"","",""
"source place","mouth",""
"","",""
"mascot","",""
"","",""
"institution","alma mater",""
"","",""
"political party","ideologies",""
"in","owns",""
"type","",""
"guests","",""
"","",""
"debuted","debuted",""
"military unit","",""
"discovered","",""
"","",""
"","",""
"Vice President","tomb",""
"","",""
"","",""
"","",""
"route end","founded",""
"composed by","developer",""
"","",""
"key people","",""
"board","",""
"in","",""
"","",""
"","",""
"","",""
"former partner","former partner",""
"band","band",""
"","",""
"order (taxonomy)","division",""
"company","network",""
"at","airport",""
"created by","",""
"create","",""
"former partner","former partner",""
"origin","",""
"debut team","debut team",""
"commander","religion",""
"","",""
"","",""
"","",""
"musical","",""
"in","",""
"cinematographed","",""
"hub airport","",""
"university","",""
"source place","mouth place",""
"members","",""
"in","",""
"notable work","",""
"","",""
"produce","",""
"composed by","",""
"edited by","directed by",""
"","",""
"recorded in","writers",""
"Vice President","Vice President",""
"mayor","",""
"","",""
"division","",""
"","",""
"parent","",""
"member","",""
"","",""
"music composer","",""
"","",""
"sovereign state","",""
"","",""
"chairman","ground",""
"destination","origin",""
"canonized by","",""
"POD","parent",""
"","",""
"","",""
"","",""
"","",""
"artist","artist",""
"led","country",""
"","",""
"family","",""
"","",""
"route end","",""
"","",""
"company","",""
"","",""
"","",""
"movement","",""
"academic discipline","",""
"","",""
"","",""
"athletics","",""
"recorded","",""
"relation","",""
"","",""
"managers","managers",""
"relative","relative",""
"interests","interests",""
"ceremonial County","local authority",""
"","",""
"prime minister","prime minister",""
"","",""
"presented","in",""
"","",""
"canonized by","",""
"awards","awards",""
"binomial authority","",""
"club","",""
"","",""
"","",""
"party","party",""
"junction","state",""
"music composer","",""
"","",""
"","",""
"","",""
"","",""
"birth","",""
"","",""
"occupation","",""
"in","ingredient",""
"","",""
"president","president",""
"","",""
"mountains","in",""
"origin","",""
"founder of","board",""
"commanders","religion",""
"","",""
"largest city","",""
"","",""
"capital","",""
"launch site","launch site",""
"movement","nations",""
"ground","",""
"graduated from","awards",""
"lieutenant","",""
"","",""
"wine region","",""
"","",""
"editor","",""
"kingdom","species",""
"phylum","",""
"","",""
"leader","",""
"works","",""
"river","",""
"created","",""
"in","in",""
"son","die from",""
"","",""
"","",""
"","",""
"founder of","",""
"","",""
"","",""
"","",""
"","",""
"wrote","",""
"","",""
"","",""
"actress","actress",""
"","",""
"","",""
"","",""
"","",""
"route end","",""
"municipality","",""
"","",""
"","",""
"origin","region",""
"commander","",""
"sport","sport",""
"Guests","Guests",""
"hosted","",""
"grandsire","race",""
"born in","author",""
"relation","relation",""
"","",""
"","",""
"architect","architect",""
"","",""
"series","notable",""
"Religion","",""
"","",""
"","",""
"national team","",""
"nearest city","",""
"","",""
"official language","area",""
"","",""
"","",""
"company","",""
"","",""
"","",""
"cinematographer","",""
"trainer","",""
"operating system","",""
"","",""
"work","composer",""
"","",""
"drafted","places",""
"highschool","",""
"owns","",""
"trained","",""
"institution","institution",""
"","",""
"","",""
"county seat","",""
"game platform","",""
"created by","",""
"prime minister","",""
"","",""
"national team","",""
"","",""
"","",""
"","",""
"","",""
"series","",""
"","",""
"","",""
"","",""
"","",""
"work","work",""
"","",""
"families","families",""
"places","tomb",""
"","",""
"","",""
"colour","",""
"spouse","directed",""
"","",""
"mountains","",""
"genre","",""
"wine region","",""
"president","",""
"","",""
"party","party",""
"","",""
"citizens","death",""
"grandsire","",""
"languages","",""
"","",""
"associate","",""
"","",""
"academic discipline","academic discipline",""
"led","",""
"architecture","",""
"end","starting",""
"written by","",""
"in","",""
"","",""
"school","",""
"","",""
"","",""
"","",""
"","",""
"distributed by","",""
"","",""
"OS","",""
"national team","",""
"","",""
"","",""
"area","licensee",""
"","",""
"country","",""
"","",""
"official language","official language",""
"stylistic origins","",""
"album","",""
"","",""
"","",""
"directed","",""
"home town","music",""
"","",""
"awards","",""
"used","origin",""
"","",""
"","",""
"music","composers",""
"timezone","",""
"","",""
"leader","leader",""
"operating system","",""
"","",""
"","",""
"","",""
"","",""
"members","band",""
"relative","species",""
"draft team","",""
"","",""
"education","",""
"coach","",""
"","",""
"","",""
"died in","employment",""
"destination","",""
"","",""
"subsequent work","opening theme",""
"","",""
"war","war",""
"","",""
"divisions","",""
"","",""
"","",""
"narrator","",""
"programming language","",""
"company","producer",""
"narrator","",""
"operator","operator",""
"trainer","",""
"in","ingredient",""
"","",""
"former team","former team",""
"place mouth","source place",""
"","",""
"","",""
"","",""
"trainer","",""
"distribute","",""
"spouse","artist music",""
"successor","minister prime",""
"band","",""
"Ship builder","",""
"coached","",""
"band member","",""
"cover","",""
"","",""
"doctoral student","",""
"died in","",""
"team","team",""
"died in","Producer",""
"capital","country",""
"played for","teams",""
"","",""
"","",""
"academic discipline","",""
"school","highschool",""
"associated musical","associated musical",""
"architectural style","religion",""
"wine region","wine region",""
"","",""
"license","",""
"","",""
"origin","",""
"opponent","",""
"","",""
"right tributary","",""
"college","debut team",""
"maintains","capital",""
"military branch","military branch",""
"places","",""
"commanders","",""
"death cause","",""
"created by","series",""
"hometown","",""
"leader","was founded by",""
"mayor","",""
"","",""
"","",""
"","",""
"coach","",""
"","",""
"","",""
"operating system","developed",""
"notable work","notable work",""
"","",""
"","",""
"","",""
"","",""
"place","commander",""
"died in","editor",""
"","",""
"language","",""
"artist","",""
"","",""
"discipline","discipline",""
"","",""
"citizens","citizens",""
"","",""
"associate","predecessor",""
"operating system","producer",""
"","",""
"","",""
"distributed","",""
"","",""
"president","sport",""
"","",""
"relative","faith",""
"county","",""
"garrison","",""
"voice","voice",""
"","",""
"launch site","",""
"published","",""
"","",""
"CPU","predecessor",""
"","",""
"","",""
"","",""
"","",""
"editor","awards",""
"leader","leader",""
"","",""
"faith","",""
"","",""
"founded by","",""
"","",""
"club","club",""
"editor","",""
"river","",""
"invent","",""
"","",""
"","",""
"military branch","vice president",""
"","",""
"national team","",""
"","",""
"","",""
"parent company","",""
"","",""
"made by","made by",""
"leader","",""
"prime minister","",""
"","",""
"","",""
"guests","",""
"county","county seat",""
"currency","",""
"","",""
"","",""
"orde","division",""
"ceremonial County","local authority",""
"","",""
"","",""
"interest","",""
"","",""
"","",""
"part","",""
"","",""
"","",""
"discovered body","",""
"manage club","",""
"","",""
"related","",""
"","",""
"","",""
"manufactured","manufactured",""
"owner","owner",""
"","",""
"","",""
"author","",""
"","",""
"destination","largest",""
"","",""
"phylum","",""
"","",""
"","",""
"","",""
"edited by","",""
"","",""
"instrument","home town",""
"","",""
"hubs","",""
"location city","",""
"","",""
"cover artist","",""
"publisher","",""
"work","",""
"","",""
"known for","known for",""
"language","",""
"starting","owners",""
"tributary","mouth",""
"","",""
"river","",""
"academic advisor","",""
"","",""
"subsidiary","",""
"","",""
"previous work","home town",""
"command structure","command structure",""
"main interests","",""
"other party","",""
"","",""
"","",""
"created by","created by",""
"license","product",""
"died in","fields",""
"","",""
"produce","",""
"member","",""
"","",""
"","",""
"Music","",""
"","",""
"","",""
"mountain range","",""
"resting place","",""
"associated musical artist","",""
"government","",""
"genre","",""
"graduates","awards",""
"architect","architect",""
"","",""
"border","in",""
"","",""
"origin","",""
"musical","",""
"managed","home stadium",""
"","",""
"monarch","",""
"","",""
"commander","",""
"venerated in","",""
"","",""
"","",""
"league","teams",""
"","",""
"","",""
"","",""
"nearest city","",""
"political party","",""
"","",""
"awards","awards",""
"significant building","significant building",""
"regions","",""
"records","composed",""
"directed","",""
"stadium","",""
"successor","network",""
"","",""
"designed","",""
"label","associates",""
"partner","partner",""
"band member","",""
"vice president","",""
"singer","",""
"","",""
"flagbearer","",""
"","",""
"broadcast area","",""
"","",""
"","",""
"arena","",""
"employes","",""
"associate","founder of",""
"","",""
"","",""
"","",""
"","",""
"","",""
"","",""
"","",""
"nationality","",""
"","",""
"launched","manufactured",""
"distributing label","",""
"","",""
"","",""
"","",""
"","",""
"","",""
"","",""
"phylum","",""
"","",""
"trainer","",""
"","",""
"manufactured by","",""
"own","",""
"","",""
"","",""
"star","children",""
"services","services",""
"country","",""
"","",""
"field","field",""
"born in","known for",""
"","",""
"operating system","",""
"developer","executive producer",""
"first driver","",""
"","",""
"musician","home town",""
"","",""
"","",""
"","",""
"","",""
"","",""
"produced","series",""
"company","",""
"","",""
"sister station","broadcast",""
"","",""
"local authority","",""
"label","",""
"","",""
"","",""
"","",""
"industry","",""
"music genre","writer",""
"in","mountains",""
"ingredient","ingredient",""
"","",""
"","",""
"opens","opens",""
"debuted","team",""
"profession","",""
"Network","",""
"illustration by","",""
"","",""
"ethnicity","ethnicity",""
"military.","religion",""
"","",""
"","",""
"","",""
"editor","director",""
"","",""
"","",""
"campus","campus",""
"","",""
"","",""
"military branch","",""
"","",""
"died in","founder",""
"musical","",""
"actor","spouse",""
"","",""
"team","",""
"state","",""
"executive producer","series",""
"","",""
"","",""
"child","",""
"published","genre",""
"predecessor","",""
"","",""
"played for","",""
"","",""
"artist","",""
"ingredient","countries",""
"","",""
"source","",""
"","",""
"race","",""
"location","",""
"trained","",""
"founded","",""
"","",""
"","",""
"developer","actor",""
"","",""
"Museum","artist",""
"","",""
"largest city","",""
"","",""
"Nation","",""
"canonized by","places",""
"","",""
"composed","",""
"","",""
"award","award",""
"members","members",""
"School","relative",""
"cinematographed","",""
"military unit","",""
"license","",""
"builder","",""
"","",""
"ingredient","",""
"","",""
"religion","",""
"","",""
"discovered","",""
"","",""
"","",""
"mountain","mountain range",""
"alma mater","alma mater",""
"national team","",""
"venerated in","venerated in",""
"","",""
"order","",""
"","",""
"alma mater","",""
"","",""
"division","domain",""
"","",""
"","",""
"mountain range","is located in",""
"","",""
"engine","",""
"relative","religion",""
"distributor","",""
"create","",""
"launch site","launch site",""
"leader","",""
"","",""
"programming language","operating system",""
"","",""
"","",""
"","",""
"written by","starring",""
"fields","fields",""
"sister station","city",""
"","",""
"","",""
"","",""
"of","",""
"","",""
"board","board",""
"international","religion",""
"route start","",""
"","",""
"district","county seat",""
"","",""
"borough","district",""
"founder of","awards",""
"","",""
"city","",""
"","",""
"tenants","",""
"married to","married to",""
"","",""
"board","owns",""
"","",""
"","",""
"debuted","",""
"route end","county",""
"","",""
"","",""
"","",""
"","",""
"wine region","origin",""
"appointer","",""
"serving railway","serving railway",""
"","",""
"largest city","",""
"published","product",""
"political party","",""
"places","tomb",""
"state","state",""
"","",""
"League","stadium",""
"composer","composer",""
"","",""
"","",""
"developed by","",""
"chairman","chairman",""
"languages.","language",""
"","",""
"","",""
"owning company","network",""
"","",""
"origin","",""
"Museum","",""
"","",""
"river mouth","",""
"portrayed","series",""
"family","",""
"","",""
"characters","characters",""
"","",""
"","",""
"trained","",""
"known for","academic advisor",""
"mountain range","",""
"Kingdom","species",""
"","",""
"marry","",""
"","",""
"former band member","",""
"distributed by","",""
"Party","birth city",""
"works at","",""
"regions served","",""
"in","mountain range",""
"","",""
"","",""
"distributing label","",""
"count","former team",""
"flows","cities",""
"","",""
"occupation","occupation",""
"are","",""
"significant building","",""
"lyrics","",""
"","",""
"largest city","largest city",""
"","",""
"ground","",""
"","",""
"teams","",""
"","",""
"","",""
"museum","",""
"","",""
"","",""
"editor","",""
"","",""
"official language","",""
"outflow","",""
"","",""
"","",""
"","",""
"","",""
"border","",""
"hometown","hometown",""
"","",""
"main interest","",""
"","",""
"predecessor","has son",""
"buried in","authors",""
"","",""
"flagbearer","",""
"composed by","composed by",""
"","",""
"","",""
"career","",""
"cross","maintainer",""
"prime minister","",""
"at","",""
"","",""
"battles","battles",""
"distributor","",""
"doctoral student","",""
"founded","label",""
"appointed","",""
"owned","tenants",""
"","",""
"left","state",""
"","",""
"served","founded",""
"channel","",""
"","",""
"","",""
"","",""
"","",""
"played for","",""
"language","",""
"","",""
"part","",""
"trained","",""
"launch site","ground",""
"","",""
"in","",""
"built","",""
"automobile platform","parent company",""
"husband","",""
"athletic","",""
"board","board",""
"language","",""
"","",""
"","",""
"","",""
"platforms","",""
"","",""
"developer","successor",""
"","",""
"commander","",""
"","",""
"","",""
"","",""
"cinematographed","",""
"prize awarded","",""
"religion","",""
"","",""
"created by","",""
"engine","",""
"cpu","cpu",""
"","",""
"character","",""
"","",""
"","",""
"","",""
"","",""
"","",""
"launched","",""
"","",""
"executive producer","",""
"founder of","awards",""
"river","",""
"chaired","",""
"","",""
"","",""
"war","",""
"Pole driver","",""
"style of architecture","",""
"characters","",""
"","",""
"superintendent","",""
"","",""
"league","",""
"governing body","founded",""
"","",""
"","",""
"","",""
"","",""
"","",""
"city","",""
"origin","",""
"","",""
"managers","",""
"","",""
"developed","",""
"route start","birth place",""
"","",""
"","",""
"","",""
"Label","",""
"","",""
"","",""
"born in","editor",""
"","",""
"","",""
"","",""
"producer","company",""
"","",""
"ethnicity","ethnicity",""
"subsequent work","producer",""
"","",""
"","",""
"","",""
"mayor","",""
"incumbent","",""
"","",""
"order","",""
"monarch","leader",""
"","",""
"","",""
"","",""
"mouth place","",""
"","",""
"opponent","",""
"affiliation","",""
"","",""
"","",""
"","",""
"","",""
"","",""
"","",""
"band","members",""
"","",""
"party","",""
"distributor","regions",""
"","",""
"school","school",""
"","",""
"","",""
"commander","place",""
"designer","designer",""
"","",""
"family","order (taxonomy)",""
"awards","awards",""
"","",""
"awards","",""
"","",""
"","",""
"currency","currency",""
"","",""
"records","music",""
"trainer","",""
"combatant","combatant",""
"produced","",""
"","",""
"","",""
"home town","death location",""
"designed by","designed",""
"born","hometown",""
"","",""
"type","",""
"signs","labels",""
"married","editor",""
"company parent","shareholder",""
"","",""
"successor","died",""
"largest city","archipelago",""
"","",""
"governor","appointed",""
"","",""
"Who","produced",""
"nationality","",""
"governor","appointed",""
"anthem","currency",""
"star","producer",""
"mayor","",""
"","",""
"successor","married",""
"district","",""
"owned","company",""
"ending","holds stock",""
"narrator","born",""
"composer","company",""
"successor","Where",""
"sports","",""
"league","teams",""
"deputies","deputies",""
"executive producer","producer",""
"successor","appointed",""
"","",""
"die","",""
"","",""
"","",""
"hometown","birthplace",""
"","",""
"actor","alma mater",""
"","",""
"","",""
"predecessor","deputy",""
"alma mater","sport",""
"archipelago","",""
"profession","profession",""
"","",""
"","",""
"","",""
"race","state of origin",""
"subsequent work","artist",""
"network","",""
"stars","place birth",""
"producer","writer",""
"race","race",""
"distributed by","music composer",""
"","",""
"artist","artist",""
"producer","",""
"","",""
"in","religion",""
"","",""
"developed by","distributor",""
"","",""
"","",""
"","",""
"","",""
"director","",""
"director","music composer",""
"League","home stadium",""
"river","country",""
"","",""
"associated","Composer",""
"work","owner",""
"","",""
"","",""
"","",""
"known for","university attended",""
"","",""
"Team Name","",""
"ground","youth clubs",""
"license","",""
"developed by","",""
"burial place","birth place",""
"","",""
"nationality","",""
"","",""
"","",""
"content license","profession",""
"","",""
"college","alma mater",""
"","",""
"lieutenant","president",""
"","",""
"successor","",""
"","",""
"outflow","outflow",""
"","",""
"college","President",""
"","",""
"employed","",""
"coach","",""
"authors","non-fiction",""
"","",""
"programming language","licence",""
"","",""
"","",""
"","",""
"","",""
"deputy","",""
"broadcast area","broadcast area",""
"operating system","employer",""
"","",""
"","",""
"League","mascot",""
"","",""
"","",""
"known for","",""
"","",""
"","",""
"","",""
"party","party",""
"spouse","",""
"league","country",""
"","",""
"","",""
"wrote","associated",""
"bred","race",""
"owner","owner",""
"","",""
"","",""
"","",""
"","",""
"","",""
"alma mater","alma mater",""
"designed","layout",""
"used","origin",""
"race","race",""
"education","",""
"","",""
"","",""
"alma mater","mascot",""
"trained","awards",""
"broadcast area","nationality",""
"director","known for",""
"","",""
"cover artist","",""
"league","",""
"university","",""
"office","",""
"coach","city's",""
"","",""
"","",""
"","",""
"distributed by","stars",""
"nearest city","death",""
"","",""
"nearest city","nearest city",""
"political party","",""
"married to","",""
"","",""
"garrison","war",""
"","",""
"governor","lieutenant",""
"animator","cinematographer",""
"presenter","",""
"","",""
"type","",""
"","",""
"President","",""
"music composer","directed",""
"founded","religion",""
"author","alma mater",""
"","",""
"platform","developer",""
"","",""
"major shrine","canonized by",""
"","",""
"","",""
"","",""
"married to","mayor",""
"","",""
"","",""
"","",""
"edited by","portrayer",""
"successor","",""
"origin","",""
"flow","",""
"race","awards",""
"academic advisor","supervisor",""
"","",""
"leader","party",""
"author","",""
"province","leader name",""
"alma mater","",""
"producer","associated band",""
"led","governing body",""
"home town","genre",""
"part","aircraft system anti","city"
"","",""
"Magazine","author",""
"","",""
"","",""
"writer","genre",""
"author","",""
"","",""
"headquarter","companies",""
"editor","",""
"parent","place death",""
"actor","married to",""
"distributed by","directed",""
"result","",""
"","",""
"writer","political party",""
"","",""
"","",""
"","",""
"","",""
"college","",""
"","",""
"state","born in",""
"","",""
"editor","",""
"sire","awards",""
"author","published",""
"","",""
"owns","sport",""
"","",""
"","",""
"race","",""
"","",""
"known for","",""
"Pole driver","",""
"team","",""
"","",""
"maintained by","shareholders",""
"creator","musical",""
"university","",""
"border","state",""
"","",""
"major shrine","major shrine",""
"denomination","",""
"","",""
"executive producer","composed",""
"network","network",""
"developer","",""
"","",""
"","",""
"publishes","genre",""
"athletic","mascot",""
"","",""
"chancellor","",""
"","",""
"deputy","predecessor",""
"is owned by","",""
"","",""
"President","President",""
"distributed by","produced",""
"","",""
"","",""
"","",""
"daughter","director",""
"","",""
"lieutenant","",""
"","",""
"nationality","",""
"","",""
"","",""
"company","company",""
"mascot","",""
"trainer","birth city",""
"","",""
"","",""
"school","",""
"","",""
"builder","",""
"","",""
"","",""
"","",""
"","",""
"","",""
"designer","",""
"predecessor","partner",""
"distributed by","producer",""
"work","",""
"","",""
"","",""
"successor","resting place",""
"","",""
"editor","",""
"","",""
"","",""
"","",""
"nationality","",""
"base currency","",""
"","",""
"","",""
"leader","religion",""
"","",""
"broadcast area","",""
"president","",""
"","",""
"predecessor","",""
"coach","former team",""
"","",""
"partner","",""
"published","",""
"born in","debut team",""
"","",""
"","",""
"album","producer",""
"starring","producer",""
"city","birthplace",""
"producer","company",""
"school","",""
"illustrated by","author",""
"major shrine","venerated in",""
"","",""
"","",""
"album","composed",""
"ethnicity","",""
"","",""
"","",""
"produced","",""
"","",""
"writers","",""
"developed by","distributed by",""
"recorded in","directed",""
"language","",""
"artist","home town",""
"members","",""
"","",""
"","",""
"","",""
"state","",""
"are","religion",""
"in","",""
"governed","buried in",""
"presenter","wife",""
"nationality","nationality",""
"architect","nearest city",""
"","",""
"","",""
"","",""
"founders","",""
"","",""
"mascot","",""
"","",""
"currency","",""
"in","influenced",""
"","",""
"commander","commander",""
"publisher","series",""
"","",""
"relative","known for",""
"","",""
"doctoral advisor","known for",""
"buried in","Director",""
"married to","",""
"","",""
"","",""
"","",""
"developer","genre",""
"residence","",""
"","",""
"graduates","opponent",""
"","",""
"","",""
"","",""
"animator","",""
"in","",""
"spouse","honorary title",""
"president","",""
"owner","",""
"associate musical artist","composer",""
"","",""
"","",""
"hometown","",""
"","",""
"","",""
"","",""
"","",""
"directed by","edited by",""
"operating system","developed",""
"","",""
"","",""
"","",""
"owns","owner",""
"","",""
"ethnicity","",""
"edited by","directed by",""
"author","works",""
"","",""
"owning company","network",""
"citizenship","citizenship",""
"","",""
"employer","",""
"","",""
"","",""
"order (taxonomy)","domain",""
"broadcast area","",""
"governing body","",""
"Composer","",""
"known for","",""
"","",""
"built by","",""
"","",""
"","",""
"","",""
"successor","",""
"known for","advisor",""
"distributes","developer",""
"workplace","",""
"trained","",""
"birthplace","residence",""
"","",""
"ground","manager club",""
"coach","former team",""
"appointer","",""
"team","",""
"president","president",""
"governing body","",""
"","",""
"died in","",""
"","",""
"married","actor",""
"associated","artist",""
"","",""
"graduated from","religion",""
"","",""
"largest city","archipelago",""
"cover","",""
"managed","youth club",""
"","",""
"governor","region",""
"creator","presented",""
"party","party",""
"developed","developed",""
"","",""
"","",""
"author","series",""
"","",""
"citizenship","",""
"university attended","university attended",""
"club","",""
"","",""
"","",""
"","",""
"garrison","garrison",""
"","",""
"","",""
"PhD advisor","alma mater",""
"residence","editor",""
"headquarters","network",""
"","",""
"trained","",""
"","",""
"alma mater","",""
"","",""
"","",""
"death place","death place",""
"","",""
"profession","",""
"","",""
"","",""
"","",""
"","",""
"part","an/gsg-5","city"
"subject","athletics",""
"","",""
"race","",""
"designer","",""
"","",""
"alma mater","state",""
"married to","",""
"","",""
"Division","youth clubs",""
"appointed","appointed",""
"","",""
"coach","debuted",""
"predecessor","developer",""
"directed","",""
"","",""
"owner","owner",""
"successor","political party",""
"","",""
"architect","",""
"","",""
"owner","",""
"chairman","home stadium",""
"government type","",""
"driver pole","driver pole",""
"","",""
"capital","currencies",""
"doctoral supervisor","",""
"","",""
"river","",""
"","",""
"","",""
"","",""
"","",""
"married to","children",""
"base currency","base currency",""
"appointer","President",""
"mascot","",""
"","",""
"successor","location country",""
"","",""
"division","domain",""
"played for","draft team",""
"successor","birth place",""
"executive producer","",""
"","",""
"married to","",""
"","",""
"network","company",""
"produced","composed",""
"cinematographer","",""
"","",""
"","",""
"Education","body discovered",""
"","",""
"in","teams",""
"publisher","academic discipline",""
"producer","",""
"","",""
"nearest city","nearest city",""
"","",""
"","",""
"predecessor","birthplace",""
"hometown","",""
"rival","mascot",""
"","",""
"locations","locations",""
"buried","",""
"","",""
"","",""
"album","producer",""
"","",""
"college","alma mater",""
"allegiance","",""
"","",""
"","",""
"spouse","religion",""
"","",""
"series","developed",""
"","",""
"cast area","nationality",""
"directed","distributed by",""
"nearest city","location",""
"place birth","residence",""
"","",""
"","",""
"city","made by",""
"","",""
"","",""
"position","draft team",""
"","",""
"in","over",""
"","",""
"chancellor","",""
"","",""
"built","over",""
"license","",""
"","",""
"known for","alma mater",""
"deputy","",""
"","",""
"","",""
"stockholder","",""
"","",""
"Pole driver","",""
"lyrics","",""
"","",""
"deputy","predecessor",""
"Pole driver","",""
"First Driver","",""
"","",""
"","",""
"","",""
"first driver","pole driver",""
"","",""
"","",""
"birth name","",""
"","",""
"citizenship","",""
"broadcast area","broadcast area",""
"","",""
"billed","billed",""
"cinematographer","awards",""
"garrison","",""
"editor","film starring",""
"","",""
"in","in",""
"alma mater","state",""
"","",""
"alma mater","",""
"meaning","",""
"architect","architect",""
"licensee","licensee",""
"party","ideologies",""
"discovered by","",""
"city","training",""
"","",""
"currency","currency",""
"","",""
"channel","producer",""
"attend","",""
"album","artist",""
"successor","",""
"","",""
"director","awards",""
"","",""
"","",""
"die","",""
"married","",""
"","",""
"successor","maker",""
"religion","religion",""
"wife","mayor",""
"operating system","programming language",""
"","",""
"","",""
"successor","alma mater",""
"mascot","",""
"content licence","",""
"outflow","",""
"","",""
"","",""
"","",""
"region","",""
"","",""
"purpose","",""
"","",""
"in","sport",""
"","",""
"sire","race",""
"","",""
"","",""
"president","president",""
"","",""
"affiliation","",""
"doctoral student","doctoral supervisor",""
"","",""
"company","",""
"","",""
"","",""
"","",""
"flows","",""
"","",""
"","",""
"","",""
"died in","relative",""
"","",""
"produced","artist",""
"purpose","",""
"address","",""
"","",""
"coach","",""
"river","river",""
"university attended","university attended",""
"","",""
"","",""
"","",""
"developed by","distributed by",""
"","",""
"in","river",""
"province","",""
"","",""
"presenter","",""
"","",""
"","",""
"driver first","",""
"born","",""
"residence","",""
"death location","",""
"","",""
"","",""
"discovered","discovered",""
"","",""
"","",""
"address","",""
"race","race",""
"","",""
"","",""
"garrison","",""
"draft team","",""
"","",""
"drafted","",""
"","",""
"successor","appointed",""
"residing","",""
"film director","animator",""
"record label","currency",""
"successor","tomb",""
"written by","written by",""
"company","company",""
"operator","",""
"","",""
"","",""
"authors","own",""
"","",""
"","",""
"jurisdiction","",""
"species","series",""
"","",""
"","",""
"commander","mascot",""
"owns","",""
"","",""
"","",""
"programming language","",""
"operating system","developer",""
"wedded to","alma mater",""
"","",""
"successor","nationality",""
"","",""
"designed","developed",""
"","",""
"advisor","birth location",""
"","",""
"produced","starred",""
"starred","residence",""
"","",""
"","",""
"region","religion",""
"","",""
"river mouth","in",""
"","",""
"","",""
"","",""
"born in","director",""
"writer","associated musical artist",""
"developer","",""
"origin","residence",""
"base currency","base currency",""
"known for","",""
"","",""
"president","religion",""
"company","produced",""
"architectural","religion",""
"training","stockholder",""
"die","",""
"governing body","",""
"","",""
"","",""
"presented","",""
"","",""
"animator","animator",""
"breeded","place birth",""
"graduates","field",""
"","",""
"edit","",""
"","",""
"","",""
"alma mater","mascot",""
"","",""
"","",""
"son","graduate",""
"race","",""
"meaning","",""
"inflow","river",""
"appointer","",""
"cross","",""
"allegiance","",""
"","",""
"in","owns",""
"","",""
"","",""
"publisher","writer",""
"","",""
"engine","",""
"","",""
"die","die",""
"subsequent work","Composer",""
"","",""
"director","",""
"phylum","",""
"film genre","Artist",""
"","",""
"","",""
"","",""
"subsidiary","company",""
"edited","",""
"published","",""
"predecessor","company",""
"","",""
"","",""
"prospect team","",""
"chairman","",""
"producer","directed",""
"","",""
"licensee","",""
"","",""
"distributor","",""
"League","mascot",""
"","",""
"alma mater","",""
"","",""
"","",""
"","",""
"composed","",""
"designed","written by",""
"executive producer","",""
"writer","writer",""
"born in","appointed",""
"alma mater","state of origin",""
"","",""
"","",""
"","",""
"","",""
"","",""
"","",""
"","",""
"","",""
"genre","",""
"composer","subsequent work",""
"shrine","",""
"beatified by","shrines",""
"","",""
"","",""
"known for","",""
"","",""
"","",""
"","",""
"composer","",""
"","",""
"","",""
"","",""
"burial place","",""
"","",""
